-- phpMyAdmin SQL Dump
-- version 4.8.0.1
-- https://www.phpmyadmin.net/
--
-- Hôte : 127.0.0.1
-- Généré le :  mar. 03 sep. 2019 à 21:54
-- Version du serveur :  10.1.32-MariaDB
-- Version de PHP :  7.2.5

SET SQL_MODE = "NO_AUTO_VALUE_ON_ZERO";
SET AUTOCOMMIT = 0;
START TRANSACTION;
SET time_zone = "+00:00";


/*!40101 SET @OLD_CHARACTER_SET_CLIENT=@@CHARACTER_SET_CLIENT */;
/*!40101 SET @OLD_CHARACTER_SET_RESULTS=@@CHARACTER_SET_RESULTS */;
/*!40101 SET @OLD_COLLATION_CONNECTION=@@COLLATION_CONNECTION */;
/*!40101 SET NAMES utf8mb4 */;

--
-- Base de données :  `eapi`
--

-- --------------------------------------------------------

--
-- Structure de la table `failed_jobs`
--

CREATE TABLE `failed_jobs` (
  `id` bigint(20) UNSIGNED NOT NULL,
  `connection` text COLLATE utf8mb4_unicode_ci NOT NULL,
  `queue` text COLLATE utf8mb4_unicode_ci NOT NULL,
  `payload` longtext COLLATE utf8mb4_unicode_ci NOT NULL,
  `exception` longtext COLLATE utf8mb4_unicode_ci NOT NULL,
  `failed_at` timestamp NOT NULL DEFAULT CURRENT_TIMESTAMP
) ENGINE=InnoDB DEFAULT CHARSET=utf8mb4 COLLATE=utf8mb4_unicode_ci;

-- --------------------------------------------------------

--
-- Structure de la table `migrations`
--

CREATE TABLE `migrations` (
  `id` int(10) UNSIGNED NOT NULL,
  `migration` varchar(191) COLLATE utf8mb4_unicode_ci NOT NULL,
  `batch` int(11) NOT NULL
) ENGINE=InnoDB DEFAULT CHARSET=utf8mb4 COLLATE=utf8mb4_unicode_ci;

--
-- Déchargement des données de la table `migrations`
--

INSERT INTO `migrations` (`id`, `migration`, `batch`) VALUES
(1, '2014_10_12_000000_create_users_table', 1),
(2, '2014_10_12_100000_create_password_resets_table', 1),
(3, '2019_08_19_000000_create_failed_jobs_table', 1),
(4, '2019_09_03_175102_create_products_table', 1),
(5, '2019_09_03_175155_create_reviews_table', 1);

-- --------------------------------------------------------

--
-- Structure de la table `password_resets`
--

CREATE TABLE `password_resets` (
  `email` varchar(191) COLLATE utf8mb4_unicode_ci NOT NULL,
  `token` varchar(191) COLLATE utf8mb4_unicode_ci NOT NULL,
  `created_at` timestamp NULL DEFAULT NULL
) ENGINE=InnoDB DEFAULT CHARSET=utf8mb4 COLLATE=utf8mb4_unicode_ci;

-- --------------------------------------------------------

--
-- Structure de la table `products`
--

CREATE TABLE `products` (
  `id` int(10) UNSIGNED NOT NULL,
  `name` varchar(191) COLLATE utf8mb4_unicode_ci NOT NULL,
  `detail` text COLLATE utf8mb4_unicode_ci NOT NULL,
  `price` int(11) NOT NULL,
  `stock` int(11) NOT NULL,
  `discount` int(11) NOT NULL,
  `created_at` timestamp NULL DEFAULT NULL,
  `updated_at` timestamp NULL DEFAULT NULL
) ENGINE=InnoDB DEFAULT CHARSET=utf8mb4 COLLATE=utf8mb4_unicode_ci;

--
-- Déchargement des données de la table `products`
--

INSERT INTO `products` (`id`, `name`, `detail`, `price`, `stock`, `discount`, `created_at`, `updated_at`) VALUES
(1, 'dolor', 'Accusamus qui et blanditiis voluptas quia eum. Quos eum voluptate velit nam ut velit. Voluptate et corporis id impedit unde quod a. Possimus officiis atque autem mollitia ex.', 457, 4, 8, '2019-09-03 19:50:30', '2019-09-03 19:50:30'),
(2, 'aut', 'Dolorem delectus suscipit praesentium. Ipsam provident porro aliquam repudiandae adipisci. Ea ut ad nam dignissimos ut ut fugit.', 189, 9, 4, '2019-09-03 19:50:30', '2019-09-03 19:50:30'),
(3, 'repellendus', 'Est id qui autem facilis aut et autem odit. Aut et mollitia ab et saepe deserunt facilis. Molestiae ea vero eos similique consequatur et. Impedit iure ipsa ad reprehenderit.', 341, 3, 11, '2019-09-03 19:50:30', '2019-09-03 19:50:30'),
(4, 'sunt', 'Similique voluptatum pariatur ad laborum voluptatum unde odio. Est tenetur error eos voluptas dolor voluptatibus atque. Necessitatibus vitae explicabo consequatur nesciunt.', 693, 3, 6, '2019-09-03 19:50:30', '2019-09-03 19:50:30'),
(5, 'consequatur', 'A praesentium magnam ut labore ducimus. Et illo totam earum rerum eaque. Eius sed commodi alias nulla qui saepe.', 654, 8, 22, '2019-09-03 19:50:30', '2019-09-03 19:50:30'),
(6, 'necessitatibus', 'Nihil ipsum est minus tenetur quos veritatis. Eos accusamus neque fugit ipsa qui. Aliquam doloremque neque dolor delectus. Non ut quo facilis et dolores repudiandae voluptatibus. Vitae sunt soluta doloremque consectetur ut.', 192, 0, 24, '2019-09-03 19:50:30', '2019-09-03 19:50:30'),
(7, 'facilis', 'Quo nemo et animi illo et blanditiis rem. Ullam ex harum nesciunt optio. Nobis provident dolor aperiam magnam error aspernatur quaerat. Nostrum voluptatem veniam cumque minima iusto itaque id iure. Illum ut dolorem odit quaerat accusamus totam quam sequi.', 314, 1, 12, '2019-09-03 19:50:30', '2019-09-03 19:50:30'),
(8, 'non', 'Aut eligendi quisquam consequatur distinctio autem architecto ut sunt. Molestiae ea ab voluptatem velit consectetur deserunt et.', 476, 7, 29, '2019-09-03 19:50:30', '2019-09-03 19:50:30'),
(9, 'iste', 'Non rerum harum voluptatibus. Sapiente sint sit quibusdam et sed. Adipisci sunt aut saepe. Nesciunt perferendis ducimus sed cupiditate.', 901, 3, 12, '2019-09-03 19:50:30', '2019-09-03 19:50:30'),
(10, 'totam', 'Et aperiam fuga corrupti. Provident sapiente ea qui fuga. Aspernatur iure consequatur tempore sed eaque ad sequi.', 331, 3, 4, '2019-09-03 19:50:30', '2019-09-03 19:50:30'),
(11, 'suscipit', 'Non dolorem quae inventore. Quaerat dolores odit totam. Quo eius et odit.', 467, 8, 20, '2019-09-03 19:50:30', '2019-09-03 19:50:30'),
(12, 'qui', 'Aspernatur voluptatum rerum autem dolor sed est. Ut molestiae voluptatem asperiores nostrum eos error voluptas sit. Minima expedita saepe est eos aut sed. Enim similique est dolorem rerum quia.', 559, 0, 27, '2019-09-03 19:50:30', '2019-09-03 19:50:30'),
(13, 'iste', 'Accusamus dicta et maxime consectetur ut. Eius maxime nemo nisi animi consectetur iure.', 335, 2, 29, '2019-09-03 19:50:30', '2019-09-03 19:50:30'),
(14, 'dolorem', 'Nihil minima sint adipisci ut fugiat quidem. Qui sint est hic quia magnam odio voluptas. Sunt aperiam sint blanditiis fugit.', 940, 2, 18, '2019-09-03 19:50:30', '2019-09-03 19:50:30'),
(15, 'nihil', 'Consectetur earum minus iste ut provident qui pariatur eum. Earum minus odit quas consequatur natus voluptatem. Nulla neque sed illo. Quidem id autem neque id enim quibusdam. Laborum sequi aut culpa occaecati aut earum tenetur.', 571, 7, 3, '2019-09-03 19:50:31', '2019-09-03 19:50:31'),
(16, 'et', 'In dolorem quae repellat velit pariatur officia. Laborum eum consequatur incidunt nesciunt commodi voluptatibus. Ea rerum qui in sunt temporibus qui.', 392, 6, 15, '2019-09-03 19:50:31', '2019-09-03 19:50:31'),
(17, 'vitae', 'In explicabo quis nulla assumenda repellendus ipsa aut. Est dignissimos quia minima quia ut excepturi. Quo ducimus dolor debitis porro earum. Corrupti dolor vel cum dolores.', 310, 7, 8, '2019-09-03 19:50:31', '2019-09-03 19:50:31'),
(18, 'in', 'Quia sed dolorem est quam voluptatum. Minima sint quos at non repellat consectetur quis sed. Architecto repellat sunt quam excepturi quas deleniti. Soluta nisi ratione incidunt quae nihil quibusdam quia sapiente.', 393, 8, 6, '2019-09-03 19:50:31', '2019-09-03 19:50:31'),
(19, 'nihil', 'Dolores vel quia magni vel reiciendis adipisci est. Modi voluptates aut totam. Ullam qui in saepe eum debitis ratione.', 528, 9, 2, '2019-09-03 19:50:31', '2019-09-03 19:50:31'),
(20, 'quaerat', 'Porro et molestiae est suscipit. Minus sint ab aut sapiente nesciunt blanditiis. Aut eaque sapiente alias sunt. Quos praesentium laudantium est soluta.', 353, 5, 8, '2019-09-03 19:50:31', '2019-09-03 19:50:31'),
(21, 'officia', 'Non porro sint vero iste. Ut voluptate aspernatur sint nostrum non soluta. Sequi blanditiis hic est deleniti adipisci inventore in. Ut nisi veniam et sit ut molestiae omnis.', 530, 7, 21, '2019-09-03 19:50:31', '2019-09-03 19:50:31'),
(22, 'harum', 'Deleniti explicabo laboriosam eos architecto. Quidem cupiditate ad excepturi repudiandae vel nostrum. Ut magnam est sunt ullam. Beatae ad quae eligendi qui necessitatibus.', 949, 4, 18, '2019-09-03 19:50:31', '2019-09-03 19:50:31'),
(23, 'dolore', 'Aut rerum suscipit et molestiae aut. Rem quidem molestiae laudantium alias harum error odit rerum. Sint expedita vitae nulla voluptates hic mollitia.', 451, 5, 28, '2019-09-03 19:50:31', '2019-09-03 19:50:31'),
(24, 'quae', 'Eius asperiores itaque quod ut. Aliquam reiciendis totam et. Id id maxime consequatur accusamus dignissimos id rerum. Maxime laborum illum ea minus illo dolore.', 456, 5, 14, '2019-09-03 19:50:31', '2019-09-03 19:50:31'),
(25, 'exercitationem', 'Et enim ipsam omnis natus iusto necessitatibus. Unde quas ab ea cum architecto. Molestiae voluptatum eius eos consequatur eaque in tempore.', 558, 1, 23, '2019-09-03 19:50:31', '2019-09-03 19:50:31'),
(26, 'consequatur', 'Necessitatibus laboriosam quis vel officia vel cumque ipsam. Beatae eos fugit ut suscipit in doloribus tempore. Ipsam ad ullam ea doloribus animi iste. At qui est nisi deleniti et dignissimos ipsam.', 515, 3, 18, '2019-09-03 19:50:31', '2019-09-03 19:50:31'),
(27, 'debitis', 'Tempore ipsam non ex ipsam dolorem. Aut aperiam ut ipsum et. Et atque at iusto voluptatum ipsam ipsum.', 582, 4, 20, '2019-09-03 19:50:31', '2019-09-03 19:50:31'),
(28, 'facere', 'Unde voluptatibus eveniet porro sunt quo. Hic sunt doloremque voluptas pariatur excepturi quia in. Facilis dignissimos nulla dolore quia voluptas labore eum. Molestiae quasi distinctio et illo iure amet eos ipsum.', 856, 0, 27, '2019-09-03 19:50:31', '2019-09-03 19:50:31'),
(29, 'in', 'Omnis id in eos qui a fugiat et. Et nesciunt animi unde debitis ad dolores consequuntur. Iure minima qui molestias nostrum voluptatem labore illum.', 938, 0, 20, '2019-09-03 19:50:31', '2019-09-03 19:50:31'),
(30, 'qui', 'Consequuntur enim delectus sit tenetur et esse ab. Qui consectetur eveniet sed dolor nisi sed quo. Quas vero sint ut deleniti facere quo. Reprehenderit vitae error suscipit ex. Voluptas reprehenderit cum voluptate quod eius omnis.', 989, 0, 19, '2019-09-03 19:50:31', '2019-09-03 19:50:31'),
(31, 'eum', 'Ut dolor assumenda quasi et. Pariatur deleniti ea repellat iste modi doloremque aliquam sit. Aut facilis sint explicabo nobis. Qui sunt nam ab cumque tenetur et.', 599, 0, 29, '2019-09-03 19:50:31', '2019-09-03 19:50:31'),
(32, 'et', 'Et eum sunt illo aut nihil sit nihil. Repellendus fugiat a ducimus. Quis facere eum itaque deserunt sapiente et magni.', 652, 9, 5, '2019-09-03 19:50:31', '2019-09-03 19:50:31'),
(33, 'qui', 'Ducimus voluptate neque iusto qui qui velit aut nobis. Debitis doloremque eaque aliquid consequatur aliquid. Nisi aliquam et doloremque perspiciatis aliquam. Et cumque animi eligendi repudiandae et.', 400, 9, 30, '2019-09-03 19:50:31', '2019-09-03 19:50:31'),
(34, 'excepturi', 'Voluptatum dolorum ut ut consequuntur adipisci. Delectus mollitia fuga eos sequi. Unde aliquam placeat et consequatur officiis et quo aliquam. Repellat ipsa molestias atque id vel est dolores rem.', 796, 6, 28, '2019-09-03 19:50:31', '2019-09-03 19:50:31'),
(35, 'unde', 'Soluta omnis voluptatibus libero eos vel quae veritatis provident. Quo ex labore aut cupiditate eum et. Assumenda quos enim natus odit enim quo repellat.', 454, 4, 25, '2019-09-03 19:50:31', '2019-09-03 19:50:31'),
(36, 'quae', 'Ab excepturi ab aut asperiores esse ex. Vel aliquam est voluptates et. Tempore officiis voluptas placeat cumque deserunt est. Explicabo amet perferendis occaecati ducimus nemo aperiam.', 939, 3, 19, '2019-09-03 19:50:31', '2019-09-03 19:50:31'),
(37, 'ex', 'Dolores sequi sit fugit est rerum animi. Dolores dicta nam sit voluptate excepturi. Nostrum adipisci cumque nam. Vel in quasi voluptas ipsam a odio.', 321, 9, 10, '2019-09-03 19:50:32', '2019-09-03 19:50:32'),
(38, 'officiis', 'Corporis sit voluptates et aut sed et suscipit. Ex nihil quis at porro tempore nihil sed. Adipisci cum aperiam cumque qui sunt.', 251, 1, 13, '2019-09-03 19:50:32', '2019-09-03 19:50:32'),
(39, 'quibusdam', 'Tempora quis veritatis voluptatem aliquam consequatur. Quae tempore tenetur vel vel quisquam. Doloremque sed et ea error doloremque.', 640, 3, 24, '2019-09-03 19:50:32', '2019-09-03 19:50:32'),
(40, 'est', 'Et nisi eveniet eum voluptatem voluptates voluptas. Corrupti sed aut sit quasi eos. Repellendus tempore sint nihil atque. Molestiae repudiandae neque magni ad.', 190, 4, 27, '2019-09-03 19:50:32', '2019-09-03 19:50:32'),
(41, 'sed', 'Dolorum vero repellendus vitae. Inventore esse non inventore rem. Inventore deleniti iusto esse non omnis neque magnam.', 164, 9, 25, '2019-09-03 19:50:32', '2019-09-03 19:50:32'),
(42, 'sit', 'Rerum repellendus rerum et non ut est nemo. Aperiam esse aut pariatur ducimus aspernatur.', 222, 5, 15, '2019-09-03 19:50:32', '2019-09-03 19:50:32'),
(43, 'ipsa', 'Asperiores quod explicabo excepturi quae dolor sit. Nulla eum iusto ut sapiente nobis excepturi aut. Quo ut aperiam voluptate et possimus sed itaque.', 950, 6, 20, '2019-09-03 19:50:32', '2019-09-03 19:50:32'),
(44, 'quaerat', 'Quisquam quo praesentium quas molestias deleniti dicta illum. Sit consequatur quo eum voluptatibus repellat molestiae distinctio. Autem qui aut sapiente.', 473, 4, 16, '2019-09-03 19:50:32', '2019-09-03 19:50:32'),
(45, 'ea', 'Modi omnis reprehenderit id in et dicta tenetur placeat. Placeat nam reiciendis harum dolores odit suscipit. Laborum totam odit aut ut quae est dolorem. Similique voluptatum quas iure qui. Vitae vero iusto voluptatum possimus.', 645, 9, 16, '2019-09-03 19:50:32', '2019-09-03 19:50:32'),
(46, 'explicabo', 'Hic doloribus nihil praesentium tenetur voluptas. Eos et labore eum. Iusto similique quo maiores at quis ut sed. Sed corporis porro repellat aut aliquam et.', 320, 6, 17, '2019-09-03 19:50:32', '2019-09-03 19:50:32'),
(47, 'ea', 'Consectetur in autem soluta itaque. Numquam fuga et architecto dolorem. Eligendi nulla vel vel nulla in ut qui. Eos distinctio incidunt provident nihil sed sed numquam.', 683, 2, 9, '2019-09-03 19:50:32', '2019-09-03 19:50:32'),
(48, 'eum', 'Pariatur eaque similique veniam dolorem dolore sint. Eos et voluptatibus et eum laborum. Nihil commodi amet quis enim. Qui ducimus eum deserunt est et nam.', 540, 8, 24, '2019-09-03 19:50:32', '2019-09-03 19:50:32'),
(49, 'dolor', 'Minus laborum omnis delectus temporibus accusamus vitae. Ullam ducimus vitae maxime soluta aut dolorem in corporis. Corporis in velit dolor ducimus reprehenderit eveniet.', 641, 9, 24, '2019-09-03 19:50:32', '2019-09-03 19:50:32'),
(50, 'dolor', 'Architecto doloremque cupiditate quia omnis consequatur modi temporibus qui. Asperiores quo fuga rerum hic atque neque illo. Ut neque illo molestiae at fugit ducimus.', 591, 2, 15, '2019-09-03 19:50:32', '2019-09-03 19:50:32');

-- --------------------------------------------------------

--
-- Structure de la table `reviews`
--

CREATE TABLE `reviews` (
  `id` int(10) UNSIGNED NOT NULL,
  `product_id` int(10) UNSIGNED NOT NULL,
  `customer` varchar(191) COLLATE utf8mb4_unicode_ci NOT NULL,
  `review` text COLLATE utf8mb4_unicode_ci NOT NULL,
  `star` int(11) NOT NULL,
  `created_at` timestamp NULL DEFAULT NULL,
  `updated_at` timestamp NULL DEFAULT NULL
) ENGINE=InnoDB DEFAULT CHARSET=utf8mb4 COLLATE=utf8mb4_unicode_ci;

--
-- Déchargement des données de la table `reviews`
--

INSERT INTO `reviews` (`id`, `product_id`, `customer`, `review`, `star`, `created_at`, `updated_at`) VALUES
(1, 7, 'Lurline Durgan', 'Incidunt sapiente qui nisi. Minus omnis earum aut cumque. Nam eos sint ut atque non. Ea et rerum rem ipsa exercitationem ut.', 1, '2019-09-03 19:50:33', '2019-09-03 19:50:33'),
(2, 22, 'Grant Keeling', 'Similique neque qui maiores dolores natus ipsam. Voluptatem dolore sint minima temporibus excepturi. A ut reprehenderit ut ea nisi ad. Nemo tempore sit eos aut.', 0, '2019-09-03 19:50:33', '2019-09-03 19:50:33'),
(3, 37, 'Jaqueline Rohan', 'Corrupti non odio voluptas sapiente quasi voluptatem. Et impedit provident reprehenderit sit sit consequatur ipsam. Sapiente repellendus iste placeat blanditiis omnis ut.', 5, '2019-09-03 19:50:33', '2019-09-03 19:50:33'),
(4, 30, 'Mable Wyman', 'Nam dicta quasi quod et. Voluptas culpa amet quos dolores sed. Inventore in eos inventore ex quas rem. Eos sunt placeat alias id.', 1, '2019-09-03 19:50:33', '2019-09-03 19:50:33'),
(5, 14, 'Roel Rowe', 'Adipisci sequi sequi qui sapiente sit voluptatibus magnam. Dolorem nihil pariatur iste quia hic. Culpa quas eum maiores aut.', 2, '2019-09-03 19:50:33', '2019-09-03 19:50:33'),
(6, 39, 'Glenna Graham', 'Repellat doloribus ea et et labore aut voluptatum. Aut mollitia natus sed maxime vel perspiciatis placeat ex. Et explicabo voluptatem adipisci. Qui quis optio voluptatem necessitatibus magni et.', 2, '2019-09-03 19:50:33', '2019-09-03 19:50:33'),
(7, 45, 'Estell Deckow', 'Necessitatibus rerum sed est laborum necessitatibus odio est. Velit qui pariatur omnis dolore recusandae harum. Dolores et molestiae ducimus fugiat explicabo quia eligendi. Voluptatum porro nam non error at est. Mollitia consequatur rerum vero vero consectetur odio qui velit.', 0, '2019-09-03 19:50:33', '2019-09-03 19:50:33'),
(8, 2, 'Destiney Wunsch', 'Iusto cupiditate et quo libero maxime. Numquam delectus sit incidunt id. Sit et aut ut quam enim at. Ea eum voluptatem perferendis id mollitia quod doloremque sit.', 5, '2019-09-03 19:50:33', '2019-09-03 19:50:33'),
(9, 12, 'Price DuBuque IV', 'Voluptates quia rerum ducimus sit nulla architecto. Sit similique et inventore provident quae. Nostrum eveniet excepturi ut sed necessitatibus repellendus.', 5, '2019-09-03 19:50:33', '2019-09-03 19:50:33'),
(10, 16, 'Hildegard Kihn', 'Nemo qui temporibus ullam tenetur dolorum expedita dolorem. Expedita voluptatibus dolorem deserunt ex hic consequuntur vel. Et magni ut omnis qui porro et enim corporis.', 2, '2019-09-03 19:50:33', '2019-09-03 19:50:33'),
(11, 1, 'Veronica Lubowitz', 'Ea est vero ab dolorem quos numquam quia doloremque. Est omnis ex rem quia est. Nostrum quibusdam dolorum consequatur hic. Pariatur eligendi consequatur ex laborum quos.', 3, '2019-09-03 19:50:33', '2019-09-03 19:50:33'),
(12, 31, 'Karianne Ebert Jr.', 'Esse iusto commodi provident sapiente expedita consequatur veritatis. Ea explicabo sed voluptate hic atque velit doloribus. In atque mollitia culpa odio ut. Officia voluptas quia est animi minima omnis inventore.', 1, '2019-09-03 19:50:33', '2019-09-03 19:50:33'),
(13, 10, 'Jamar Waters', 'Veritatis eum eum consequatur aliquid sit ut magni. Quaerat ex accusantium corporis iste. Nostrum numquam odio natus consequuntur libero blanditiis.', 4, '2019-09-03 19:50:33', '2019-09-03 19:50:33'),
(14, 23, 'Bernhard Hudson', 'Voluptatem veritatis cumque sed. Unde facere est corporis ex quibusdam. Labore voluptatem quae debitis quia veniam rerum excepturi. Occaecati molestiae accusamus ratione ut quia.', 1, '2019-09-03 19:50:33', '2019-09-03 19:50:33'),
(15, 10, 'Tod Hamill', 'Vitae impedit itaque consequatur at facere at. Illo consectetur consectetur possimus dolore quia. Soluta sunt ut eos voluptatem.', 4, '2019-09-03 19:50:33', '2019-09-03 19:50:33'),
(16, 43, 'Miss Lexi Mueller II', 'Sunt minima voluptas nihil accusantium facilis. Maiores est beatae minus quo et. Eligendi saepe et qui cum nihil.', 4, '2019-09-03 19:50:33', '2019-09-03 19:50:33'),
(17, 20, 'Mariah Braun PhD', 'Omnis id ut et. Ipsum et autem cumque aperiam ex. Accusantium laborum libero repudiandae voluptatem non et. Mollitia molestiae et vel quis.', 0, '2019-09-03 19:50:33', '2019-09-03 19:50:33'),
(18, 1, 'Odessa Huel', 'Dolorem sed praesentium ducimus reprehenderit. Ipsam similique sunt officiis accusamus. Impedit reiciendis dolor culpa quia.', 4, '2019-09-03 19:50:33', '2019-09-03 19:50:33'),
(19, 12, 'Don Koss', 'Eos perspiciatis sit vel enim distinctio. Aut excepturi est debitis suscipit debitis. Eligendi delectus explicabo est voluptatem architecto.', 0, '2019-09-03 19:50:33', '2019-09-03 19:50:33'),
(20, 5, 'Fredy Turcotte', 'Quod ratione voluptatem minus est et eveniet. Itaque minima suscipit provident et vero.', 3, '2019-09-03 19:50:33', '2019-09-03 19:50:33'),
(21, 37, 'Angelica Tromp PhD', 'Commodi in saepe rerum eius quod est. Rem dolor pariatur quia et veritatis placeat. Esse qui occaecati et est. Natus itaque sed consequuntur asperiores voluptas nulla. Doloremque odio perferendis beatae vel tenetur et voluptatem.', 3, '2019-09-03 19:50:33', '2019-09-03 19:50:33'),
(22, 46, 'Carter Cummerata', 'Qui rerum quasi consequatur. Consequatur eligendi animi quia sequi et. Dicta deserunt voluptatibus architecto dolores non libero. Occaecati aut ut non facilis.', 1, '2019-09-03 19:50:33', '2019-09-03 19:50:33'),
(23, 31, 'Dr. Cloyd Botsford', 'Molestiae aut saepe vel aut qui molestiae velit. Ducimus accusamus nesciunt et. Officiis laborum nemo accusamus eius exercitationem magni optio.', 4, '2019-09-03 19:50:33', '2019-09-03 19:50:33'),
(24, 26, 'Savanah Tremblay V', 'Natus beatae et quas aut. Quos enim qui ex dolorem suscipit nostrum excepturi. Rem consequuntur voluptatem et et. Omnis adipisci iure facilis aut dolore. Maxime suscipit quis molestiae totam veritatis et repudiandae ut.', 2, '2019-09-03 19:50:33', '2019-09-03 19:50:33'),
(25, 29, 'Quinton Reichel', 'Pariatur quos soluta at omnis cumque cupiditate molestias iusto. Id vel exercitationem ea harum eos deserunt voluptatum. Totam aut non a ducimus est quia quo.', 5, '2019-09-03 19:50:34', '2019-09-03 19:50:34'),
(26, 26, 'Prof. Bethany Pacocha', 'Ut velit cumque rerum accusamus nemo. Omnis magnam necessitatibus veniam aut sit. Vero sapiente deleniti molestiae vero quibusdam labore quod. Expedita qui vel asperiores nostrum doloribus qui ab eum.', 0, '2019-09-03 19:50:34', '2019-09-03 19:50:34'),
(27, 45, 'Devante Terry', 'Et minima itaque consequatur qui. Ullam nobis qui non voluptate magnam. Rerum error qui maxime doloremque qui porro facilis. Ut harum sit a qui repellendus aut et.', 3, '2019-09-03 19:50:34', '2019-09-03 19:50:34'),
(28, 4, 'Sarah Zieme', 'Amet et corporis repudiandae. Numquam quis numquam explicabo ut ad fugit perferendis. Alias et voluptatibus totam aliquid. Nam nisi autem odio repellat natus.', 2, '2019-09-03 19:50:34', '2019-09-03 19:50:34'),
(29, 48, 'Mortimer Hand', 'Recusandae dolores et reprehenderit consequatur. Pariatur doloremque saepe quia corrupti. Maxime aspernatur provident aut voluptatum.', 4, '2019-09-03 19:50:34', '2019-09-03 19:50:34'),
(30, 31, 'Ms. Burnice Wiza MD', 'Eos harum minus incidunt temporibus eum voluptatem. Placeat labore possimus ullam. Voluptas distinctio provident omnis ut.', 0, '2019-09-03 19:50:34', '2019-09-03 19:50:34'),
(31, 2, 'Tyreek Ferry IV', 'Est magni provident et iste. Ut omnis culpa doloribus perspiciatis voluptas omnis velit. Quibusdam deleniti rerum sint rem eveniet maxime ut est. Aut dignissimos voluptas aut vel.', 3, '2019-09-03 19:50:34', '2019-09-03 19:50:34'),
(32, 39, 'Jo Marvin', 'Voluptas cumque velit eos facilis nostrum laboriosam nam. Sint labore explicabo deserunt neque. Iure ipsum rerum rerum incidunt vel qui et. In molestiae ut magnam incidunt numquam.', 4, '2019-09-03 19:50:34', '2019-09-03 19:50:34'),
(33, 11, 'Mrs. Sophia Grimes III', 'Aut qui ut et ut consequatur qui. Repudiandae eligendi vero explicabo voluptatem. Non deleniti quidem id provident debitis. Voluptatem sunt esse velit vitae est aut beatae.', 3, '2019-09-03 19:50:34', '2019-09-03 19:50:34'),
(34, 7, 'Dr. Thea Cartwright I', 'Aut tenetur et tempora ut vitae sit. Doloremque distinctio eum deleniti animi. Sapiente quas repellat earum et ratione atque tenetur rerum. Cupiditate unde distinctio tempore itaque velit dolores.', 0, '2019-09-03 19:50:34', '2019-09-03 19:50:34'),
(35, 35, 'Laurianne Lynch', 'Fugit dolorum temporibus omnis delectus porro et. Rerum distinctio optio eaque fugit aut. Officia delectus voluptatibus beatae. Et quia necessitatibus nihil laboriosam.', 5, '2019-09-03 19:50:34', '2019-09-03 19:50:34'),
(36, 23, 'Maeve Price', 'In sint omnis quibusdam iusto similique esse. Dolorum error sequi aut delectus ea cumque corporis.', 5, '2019-09-03 19:50:34', '2019-09-03 19:50:34'),
(37, 1, 'Deonte Gaylord', 'Non quisquam doloremque tenetur aut ex. Doloribus eligendi ut est ab aut praesentium omnis. Beatae ut error fuga culpa provident.', 5, '2019-09-03 19:50:34', '2019-09-03 19:50:34'),
(38, 38, 'Vernie Mann', 'Dolor harum impedit autem magnam nam dolore minima. Excepturi aliquid sunt ab qui eos aut. Dolor est consequatur facere eligendi eligendi in eaque debitis. Porro in ea tenetur.', 1, '2019-09-03 19:50:34', '2019-09-03 19:50:34'),
(39, 10, 'Sam Reichert', 'Perspiciatis ducimus nobis voluptatem aut iure. Placeat ut vitae molestiae quia ipsa numquam ipsa. Quasi voluptatibus iste est facere corporis neque. Amet sed recusandae nisi exercitationem alias perferendis.', 5, '2019-09-03 19:50:34', '2019-09-03 19:50:34'),
(40, 19, 'Laisha Rosenbaum', 'Sit incidunt laudantium corporis consectetur. Qui est nisi error qui aut molestiae facere. Illum fugit et repudiandae. Odit assumenda deserunt aperiam.', 1, '2019-09-03 19:50:34', '2019-09-03 19:50:34'),
(41, 40, 'Reginald Mayert V', 'Et ullam repudiandae saepe et molestiae reiciendis dolores expedita. Qui quia aut architecto temporibus. Dolor et voluptatem ut quod iure ullam et.', 5, '2019-09-03 19:50:34', '2019-09-03 19:50:34'),
(42, 19, 'Prof. Darlene Armstrong PhD', 'Dolorem sint quidem necessitatibus at non. Sunt nobis consequuntur dicta sit in nam. Reiciendis consequatur modi aut odio illum voluptas quo. Eos repudiandae magnam cum ut voluptas fugit.', 4, '2019-09-03 19:50:34', '2019-09-03 19:50:34'),
(43, 42, 'Miss Lizeth Murray DDS', 'Inventore eum quo sit at enim illum. Aut voluptas voluptas et laudantium fuga natus. Mollitia consequatur aliquam saepe harum. Doloribus cum ipsa accusantium est ducimus hic aperiam.', 1, '2019-09-03 19:50:34', '2019-09-03 19:50:34'),
(44, 43, 'Reta Johns', 'Est repellendus error hic culpa sed et ratione. Numquam molestias cupiditate consequatur et. Rem et et maxime reprehenderit tenetur sit similique. Et cumque unde vitae dolorem id quia inventore.', 4, '2019-09-03 19:50:34', '2019-09-03 19:50:34'),
(45, 49, 'Rae Greenfelder', 'Aut sed commodi explicabo unde fugit explicabo reprehenderit. Aut aut est architecto quia cupiditate numquam dolorum. Occaecati ut quidem voluptatem. Et cum molestiae voluptas eius laudantium reprehenderit et.', 0, '2019-09-03 19:50:34', '2019-09-03 19:50:34'),
(46, 4, 'Dr. Jean Kessler II', 'Eos optio sed qui et in. Consequatur quibusdam quos assumenda provident animi animi et. Esse sint exercitationem fuga omnis inventore qui aut. Corrupti minus et ab a eaque tempore laborum.', 2, '2019-09-03 19:50:34', '2019-09-03 19:50:34'),
(47, 18, 'Prof. Gregorio Stamm I', 'Delectus consequuntur dolores fugit nisi qui. Quae sed sequi id quibusdam quos et. Labore quae quisquam praesentium autem.', 0, '2019-09-03 19:50:34', '2019-09-03 19:50:34'),
(48, 32, 'Prof. Gladys Howell DVM', 'Id et laborum maiores cum dolores repudiandae est. Consectetur nihil reiciendis aut et. Delectus dicta voluptate voluptatem consequuntur mollitia id.', 4, '2019-09-03 19:50:34', '2019-09-03 19:50:34'),
(49, 40, 'Dennis Lind', 'Ipsum alias est velit eveniet pariatur. Magnam molestiae cumque est necessitatibus qui quia quaerat. Quisquam deserunt assumenda quo recusandae eos. Aut dolor exercitationem ullam vel corporis quas sunt.', 4, '2019-09-03 19:50:34', '2019-09-03 19:50:34'),
(50, 49, 'Gabriella Harvey', 'Recusandae mollitia dolorem quasi sed. Consequuntur ut tempora minus suscipit adipisci. Recusandae ut molestias et non dolorum maiores. Ut dolorum voluptatum ut quia doloremque in.', 3, '2019-09-03 19:50:34', '2019-09-03 19:50:34'),
(51, 9, 'Albin Labadie', 'Voluptas rerum molestiae occaecati rerum rem eius. Id deleniti animi est amet aperiam id dolores id. Dolorum nobis natus ut corporis repudiandae harum rem vel. Soluta similique odit similique voluptas ea corrupti ducimus.', 0, '2019-09-03 19:50:34', '2019-09-03 19:50:34'),
(52, 44, 'Jarred Boehm', 'Vitae quae repudiandae nihil. Sit voluptatem quia delectus dolores nostrum laboriosam vel. Ratione impedit doloremque sed aliquid quia iusto beatae.', 5, '2019-09-03 19:50:34', '2019-09-03 19:50:34'),
(53, 29, 'Kaitlin Becker IV', 'Enim fugit sint officiis. Ut nobis non non modi id quam voluptas. Nihil accusantium commodi voluptatem illum.', 0, '2019-09-03 19:50:34', '2019-09-03 19:50:34'),
(54, 8, 'Mr. Jasen Volkman', 'Consectetur accusantium suscipit cum placeat laborum sint facilis ipsam. Voluptatem facilis quae modi magnam sunt maiores sunt cupiditate. Voluptates blanditiis et eos voluptas.', 5, '2019-09-03 19:50:34', '2019-09-03 19:50:34'),
(55, 2, 'Brionna Wintheiser', 'Autem porro est sequi soluta nostrum dolorum. In omnis voluptas id nostrum.', 0, '2019-09-03 19:50:34', '2019-09-03 19:50:34'),
(56, 22, 'Stevie Kertzmann', 'Odit et impedit est ipsum et nihil non iusto. Ratione aliquid veniam id molestiae et occaecati velit. Et et laboriosam deleniti sit.', 5, '2019-09-03 19:50:34', '2019-09-03 19:50:34'),
(57, 49, 'Ismael Kilback', 'Inventore fuga vitae vitae eum quibusdam consequatur. Ex ut exercitationem dignissimos deserunt ea. Non non vel voluptatem dolorem occaecati vel dolorum. Quam quam expedita enim aut earum rem et.', 2, '2019-09-03 19:50:34', '2019-09-03 19:50:34'),
(58, 17, 'Dr. Lizzie Kemmer', 'Debitis odit quaerat quas reprehenderit nam voluptates. Quod quibusdam culpa ut et. Dicta est optio suscipit dolorem aspernatur sequi quo. Quo quis non dolorum non aut doloribus.', 0, '2019-09-03 19:50:34', '2019-09-03 19:50:34'),
(59, 17, 'Mavis Grant', 'Aliquam error ea ut. Et rerum eos sint qui ea.', 1, '2019-09-03 19:50:34', '2019-09-03 19:50:34'),
(60, 50, 'Mr. Brice Keebler I', 'Officiis tenetur eveniet sit quae asperiores consectetur. Sunt ex at sit et tempora amet quis libero.', 5, '2019-09-03 19:50:35', '2019-09-03 19:50:35'),
(61, 8, 'Will Douglas III', 'Et esse aut accusantium aut enim. Labore corrupti fugiat sed ducimus labore omnis. Saepe magni repudiandae quaerat sit omnis accusantium ipsam atque. Provident voluptas sapiente qui explicabo.', 2, '2019-09-03 19:50:35', '2019-09-03 19:50:35'),
(62, 8, 'Federico Schiller', 'Eum voluptatem odit consequuntur iure deserunt qui. Rem quis sit quia ratione repudiandae id. In sint consequatur molestiae est. Iste quidem voluptatem quam enim consequuntur.', 3, '2019-09-03 19:50:35', '2019-09-03 19:50:35'),
(63, 43, 'Prof. Trycia Hagenes PhD', 'Quod numquam sed distinctio. Nam ut minima et facere maxime hic. Officiis id quisquam deleniti est laboriosam.', 5, '2019-09-03 19:50:35', '2019-09-03 19:50:35'),
(64, 11, 'Cleora Pfannerstill III', 'Laudantium accusantium aliquam quae sunt nam id. Voluptatum cum corporis voluptas non impedit. Et fugiat aut nostrum rem voluptatem eveniet. Fugit veritatis quae sapiente quaerat ea quidem.', 4, '2019-09-03 19:50:35', '2019-09-03 19:50:35'),
(65, 17, 'Amiya Waters', 'Omnis aut ut ipsa laborum fugit. Ut voluptatem consequatur sit mollitia. Voluptates distinctio qui voluptatum est qui quis voluptatem. Aliquam dolorem et in soluta voluptas molestiae.', 5, '2019-09-03 19:50:35', '2019-09-03 19:50:35'),
(66, 35, 'Miss Amber Heaney', 'Et eveniet autem debitis incidunt quo accusantium eos. Iusto nisi modi et eaque est sapiente.', 0, '2019-09-03 19:50:35', '2019-09-03 19:50:35'),
(67, 45, 'Romaine Labadie', 'Quo praesentium fuga nulla est sed. Voluptatibus ut blanditiis sed cum atque voluptas. Doloribus a et maxime est id. Praesentium sunt molestias temporibus autem quas necessitatibus beatae.', 3, '2019-09-03 19:50:35', '2019-09-03 19:50:35'),
(68, 38, 'Soledad Goyette DVM', 'Minus nihil id tempora non sit ab. Aut et praesentium commodi. Et impedit aspernatur enim molestiae voluptate in. Possimus atque consequuntur tempore iusto impedit.', 1, '2019-09-03 19:50:35', '2019-09-03 19:50:35'),
(69, 12, 'Isobel Mayert', 'Aliquam autem accusamus ratione quaerat eligendi tempora cumque. Voluptatem praesentium iusto officiis voluptas. Tempore a aut et commodi. Et vel debitis ullam necessitatibus totam rem suscipit.', 2, '2019-09-03 19:50:35', '2019-09-03 19:50:35'),
(70, 45, 'Giuseppe Jacobi', 'Dolores voluptas corporis omnis nulla laborum explicabo aut praesentium. Consectetur eveniet rem omnis sit qui odit voluptate.', 3, '2019-09-03 19:50:35', '2019-09-03 19:50:35'),
(71, 46, 'Sasha Kris II', 'Consequatur nihil deserunt perferendis sequi eius aut nihil. Dolores esse mollitia temporibus et. Omnis amet laboriosam corrupti reprehenderit dolor ut. Quia quaerat atque ipsam perferendis.', 2, '2019-09-03 19:50:35', '2019-09-03 19:50:35'),
(72, 10, 'Adrain Trantow PhD', 'Vero doloribus voluptate provident. Corporis perferendis explicabo iusto ipsam doloremque. Id voluptas veniam eius ipsum nisi aliquam eum odio. Voluptas corporis quis quo sapiente at debitis adipisci sunt. Corrupti et aut beatae et qui pariatur.', 5, '2019-09-03 19:50:35', '2019-09-03 19:50:35'),
(73, 15, 'Dina Watsica', 'Veritatis dolores quos aliquam. Molestiae ipsam exercitationem a excepturi quaerat dolores nemo aliquid.', 3, '2019-09-03 19:50:35', '2019-09-03 19:50:35'),
(74, 25, 'Mr. Keagan Stoltenberg I', 'Sint alias neque voluptates ut necessitatibus a deleniti. Aut sed perspiciatis porro deserunt voluptate ut fugit. Doloribus et ad reiciendis aut iste. Illo quia ea fugiat. Quas quo pariatur et doloremque alias explicabo unde.', 5, '2019-09-03 19:50:35', '2019-09-03 19:50:35'),
(75, 21, 'Meda Boehm', 'Occaecati culpa culpa et commodi. Sed vel recusandae sint nobis sapiente omnis non. Iste omnis sed omnis et dicta nobis.', 3, '2019-09-03 19:50:35', '2019-09-03 19:50:35'),
(76, 16, 'Joelle Hirthe', 'Similique et et quos velit ullam quia vero. Eos possimus molestiae architecto voluptas sapiente facere. Voluptate quisquam commodi qui tenetur quisquam recusandae. Velit quia nulla at accusantium possimus nemo.', 4, '2019-09-03 19:50:35', '2019-09-03 19:50:35'),
(77, 35, 'Prof. Hector Morissette', 'Ea beatae eos iste qui quod laboriosam commodi. Occaecati aut aut sed. Est earum voluptas nam et optio tempora. Et nisi architecto quae fugiat.', 1, '2019-09-03 19:50:35', '2019-09-03 19:50:35'),
(78, 11, 'Aditya Connelly', 'Iste mollitia aut maxime facere asperiores enim ipsa. Voluptas repellat perspiciatis et deserunt quae.', 3, '2019-09-03 19:50:35', '2019-09-03 19:50:35'),
(79, 10, 'Estelle Keebler', 'Magni molestias hic quis minima error. Consequatur ut mollitia eum ullam consequatur dolores. Autem eius sequi sit cum soluta fuga dolores.', 5, '2019-09-03 19:50:35', '2019-09-03 19:50:35'),
(80, 16, 'Moshe Schoen', 'Omnis architecto fugiat repellendus debitis. Omnis sint et beatae officiis ut.', 0, '2019-09-03 19:50:35', '2019-09-03 19:50:35'),
(81, 28, 'Prof. Sigrid Hane', 'Perferendis et sit necessitatibus. Vel aut eveniet minima et dolor. Et at at ex tempore dolore neque. Maiores hic et ea itaque.', 4, '2019-09-03 19:50:35', '2019-09-03 19:50:35'),
(82, 39, 'Harvey Kuhic', 'Accusantium sed et nostrum in itaque dicta. Et praesentium delectus aut illum. Aut harum provident molestiae et fugit eius autem voluptates.', 0, '2019-09-03 19:50:35', '2019-09-03 19:50:35'),
(83, 11, 'Pedro Kris', 'Necessitatibus blanditiis laborum officiis dignissimos omnis neque. Ipsam consequuntur reiciendis tenetur. Voluptates omnis quis voluptas ut. Consectetur necessitatibus sapiente fuga.', 1, '2019-09-03 19:50:35', '2019-09-03 19:50:35'),
(84, 5, 'Trever Herman', 'Doloribus inventore aut quod excepturi eligendi. Et voluptates quo eum aut. Sed blanditiis earum nulla dolorum quo ad.', 5, '2019-09-03 19:50:35', '2019-09-03 19:50:35'),
(85, 24, 'Elvis Pacocha', 'Error aspernatur enim rerum in libero ut laboriosam. Voluptatem et a quisquam error quidem praesentium autem. Rem et consequatur aut deleniti neque ea ex.', 3, '2019-09-03 19:50:35', '2019-09-03 19:50:35'),
(86, 43, 'Frankie Weissnat', 'Officia dolorum quae ut velit assumenda nisi asperiores. Nihil magnam officia ipsam aut molestiae eum culpa temporibus. Tempora quo et aut consequatur ratione autem aut repellat. Hic autem nemo facere velit quia.', 5, '2019-09-03 19:50:36', '2019-09-03 19:50:36'),
(87, 2, 'Dr. Jayson Collins', 'Dolor voluptatem temporibus sit. Itaque mollitia explicabo velit assumenda dolore. Facere tempore omnis laboriosam nihil et.', 3, '2019-09-03 19:50:36', '2019-09-03 19:50:36'),
(88, 30, 'Monserrat Jacobi', 'Inventore assumenda sed dolorem sit. Repudiandae earum in sint possimus perferendis ut. Quod dolor voluptas dolor facere rerum eveniet.', 2, '2019-09-03 19:50:36', '2019-09-03 19:50:36'),
(89, 37, 'Daisha Christiansen I', 'Iure nulla ut necessitatibus ducimus velit. Aliquid hic ipsa nam cumque. Molestiae iure eos amet doloribus eveniet voluptatibus.', 0, '2019-09-03 19:50:36', '2019-09-03 19:50:36'),
(90, 13, 'Lou Schiller', 'Iste unde velit suscipit similique aut ipsam sint amet. Nam mollitia ut recusandae quibusdam. Nemo sunt eius aut sit et.', 1, '2019-09-03 19:50:36', '2019-09-03 19:50:36'),
(91, 9, 'Drake Fritsch', 'Omnis qui explicabo distinctio. Dolor eius accusamus exercitationem expedita sunt quia. Repudiandae animi eos veritatis et fugit provident.', 4, '2019-09-03 19:50:36', '2019-09-03 19:50:36'),
(92, 8, 'Prof. Kassandra Rosenbaum DVM', 'Ut quibusdam et excepturi in. Suscipit assumenda dolorem quisquam eos. Ullam maiores magnam sequi consectetur harum tenetur consequuntur maiores. Dolorem voluptate vel repudiandae deleniti autem est.', 1, '2019-09-03 19:50:36', '2019-09-03 19:50:36'),
(93, 50, 'Miss Hilma Lowe', 'Sequi qui vero qui voluptatem. Ipsam eaque ipsa maxime exercitationem et unde. Ut aut et assumenda mollitia delectus.', 2, '2019-09-03 19:50:36', '2019-09-03 19:50:36'),
(94, 9, 'Arjun McKenzie', 'Maiores et est labore consequatur vero dignissimos. Nihil voluptatem consectetur quo error voluptates ducimus voluptas.', 4, '2019-09-03 19:50:36', '2019-09-03 19:50:36'),
(95, 43, 'Mabel Purdy', 'Voluptas voluptatem vel autem enim aperiam expedita. Aspernatur in culpa dolor voluptatem. Sit nostrum quis voluptatum sunt. Ut consectetur provident asperiores iusto.', 4, '2019-09-03 19:50:36', '2019-09-03 19:50:36'),
(96, 47, 'Mrs. Helen Kovacek IV', 'Praesentium rem voluptates dolorem et rerum eos quibusdam. Similique occaecati sunt cum neque aut placeat. Occaecati odio voluptatem eaque ut quo voluptatem hic.', 1, '2019-09-03 19:50:36', '2019-09-03 19:50:36'),
(97, 40, 'Duane Johnson', 'Deleniti neque a placeat. Non ut quis ut quae asperiores necessitatibus fuga. Consequatur in ut ad est. Ut aut iure quis amet.', 2, '2019-09-03 19:50:36', '2019-09-03 19:50:36'),
(98, 22, 'Danial Johnson MD', 'Explicabo maxime nostrum quis sit ab. Praesentium excepturi quo sit. Laborum omnis aut eius et.', 3, '2019-09-03 19:50:36', '2019-09-03 19:50:36'),
(99, 1, 'Ted Reinger III', 'Quia voluptate et impedit deleniti sequi laboriosam nihil. Dicta dolores et sed voluptas. Nesciunt voluptas quibusdam quas. Ipsum quis exercitationem quas voluptatem dolor itaque iste qui.', 0, '2019-09-03 19:50:36', '2019-09-03 19:50:36'),
(100, 18, 'Carmel Nolan', 'Enim perferendis dolores ratione vel labore. Mollitia beatae eos vitae earum vero nam aut. Dolor dolorem placeat sed rem est non autem. Et aut magni quasi officia.', 1, '2019-09-03 19:50:36', '2019-09-03 19:50:36'),
(101, 15, 'Allie Daugherty', 'Error quibusdam dolore quasi exercitationem voluptas. Consequuntur aut corporis rerum vel quam. Eos pariatur quod ut qui quo saepe. Doloremque ea totam esse reiciendis inventore non aliquam.', 0, '2019-09-03 19:50:36', '2019-09-03 19:50:36'),
(102, 3, 'Octavia Witting Jr.', 'Fugit iusto est vitae et itaque voluptas. Sint et nemo non. Qui sunt consequatur aut voluptas. Reiciendis nemo hic quia nobis repudiandae reiciendis.', 0, '2019-09-03 19:50:36', '2019-09-03 19:50:36'),
(103, 33, 'General Balistreri', 'Qui officiis quod tenetur enim. Temporibus beatae sunt temporibus omnis omnis odit. Dolores accusamus facilis eligendi dolor facilis.', 2, '2019-09-03 19:50:36', '2019-09-03 19:50:36'),
(104, 31, 'Myrtle Anderson', 'Cum aut harum inventore harum earum. Autem voluptatem esse porro velit eos. Nobis eligendi maxime pariatur rerum quia molestiae veniam. Debitis tenetur dolore iste modi.', 5, '2019-09-03 19:50:36', '2019-09-03 19:50:36'),
(105, 11, 'Aileen Lakin', 'Quisquam perspiciatis labore facere eum nostrum incidunt. Reprehenderit quia aliquam cum ut non voluptas. Voluptas voluptatem dolores qui incidunt vitae ad.', 2, '2019-09-03 19:50:36', '2019-09-03 19:50:36'),
(106, 4, 'Fatima Kutch', 'Et quos dolore possimus ratione. Velit sunt eum ab qui ipsum.', 0, '2019-09-03 19:50:36', '2019-09-03 19:50:36'),
(107, 43, 'Sidney Aufderhar Sr.', 'Quis consequatur dolore quam at enim amet deserunt. Ut aut minus aperiam nobis accusantium repellendus. Eum error enim est id ea aliquid minima. Iusto omnis earum itaque suscipit id.', 2, '2019-09-03 19:50:36', '2019-09-03 19:50:36'),
(108, 6, 'Nestor Maggio', 'Sed harum consequatur eos nemo ut corporis doloremque. Consectetur voluptatem enim quos modi id pariatur. Et placeat expedita sed in.', 4, '2019-09-03 19:50:36', '2019-09-03 19:50:36'),
(109, 14, 'Alayna Murphy', 'Consequatur incidunt quibusdam quo in et est molestias. Sequi non error eaque quaerat voluptas. Quod eligendi eum natus. Reprehenderit aut sed consectetur quia praesentium ut.', 2, '2019-09-03 19:50:36', '2019-09-03 19:50:36'),
(110, 23, 'Miss Bessie Lemke', 'In fuga voluptate vel nesciunt quis cupiditate. Quia quam autem ea sunt cupiditate omnis. Expedita ex reiciendis quia repellendus veritatis placeat.', 1, '2019-09-03 19:50:36', '2019-09-03 19:50:36'),
(111, 5, 'Ms. Pasquale Leannon', 'Praesentium molestiae porro non nostrum alias. Sed occaecati veritatis dolores. Saepe rerum vel voluptatem quaerat corrupti dolorem sed. Natus placeat ipsa nihil quaerat dolorem ea et.', 4, '2019-09-03 19:50:36', '2019-09-03 19:50:36'),
(112, 38, 'Dr. Giuseppe Hauck', 'Enim occaecati sapiente autem et. Veritatis quas laboriosam error voluptas id nobis eum et.', 5, '2019-09-03 19:50:36', '2019-09-03 19:50:36'),
(113, 15, 'Dr. Weston Volkman', 'Reiciendis non dolor est quia quia rerum nobis. Aut nam ratione suscipit qui. Ipsa aliquid nostrum cum consequatur numquam. Sequi et dolor quia aliquid sunt magni quia. Possimus consequatur nobis quis officia velit.', 4, '2019-09-03 19:50:36', '2019-09-03 19:50:36'),
(114, 5, 'Loren Kessler Jr.', 'Nihil similique quibusdam animi sed autem nobis. Adipisci et soluta beatae unde vel. Laudantium sapiente molestias minima at saepe. Doloribus dicta quos et.', 3, '2019-09-03 19:50:36', '2019-09-03 19:50:36'),
(115, 32, 'Buford Satterfield', 'Sit sunt qui facere. Sint maxime sapiente ullam repellat facere et provident velit. Commodi exercitationem nam debitis dolorem rerum. Repudiandae quia ratione aut facere occaecati.', 3, '2019-09-03 19:50:36', '2019-09-03 19:50:36'),
(116, 30, 'Amaya Daugherty', 'Ut doloremque qui et. Cum ut blanditiis sapiente dolores pariatur. Qui omnis dolorem omnis eveniet doloremque impedit.', 1, '2019-09-03 19:50:36', '2019-09-03 19:50:36'),
(117, 9, 'Lelah Marvin', 'Nihil ut asperiores ipsa voluptatem omnis nam qui. Officia animi rerum qui et sequi aliquam delectus quaerat. Rerum inventore quia praesentium.', 5, '2019-09-03 19:50:36', '2019-09-03 19:50:36'),
(118, 12, 'Ms. Duane Kihn', 'Qui nemo rerum aut ipsum necessitatibus quibusdam. Et corrupti voluptatibus accusantium labore. Voluptas quam mollitia aspernatur voluptatum asperiores velit.', 5, '2019-09-03 19:50:36', '2019-09-03 19:50:36'),
(119, 25, 'Dannie Heaney', 'Molestias aut sunt asperiores non commodi. Corrupti est illo nihil nesciunt. Sint aut vel fugit quia. Nam adipisci vitae non dolores consequuntur velit id.', 3, '2019-09-03 19:50:36', '2019-09-03 19:50:36'),
(120, 41, 'Joanny Schultz', 'Sunt eius ab minus et minus. Sint repellendus aut autem deleniti sit molestias. Qui doloremque aut et reprehenderit in in.', 4, '2019-09-03 19:50:37', '2019-09-03 19:50:37'),
(121, 16, 'Grady Zieme', 'Iure est unde quia voluptas consequuntur eveniet quis. Nemo laborum quia non qui laboriosam. Eveniet voluptas minus autem. Et animi adipisci ex iusto.', 4, '2019-09-03 19:50:37', '2019-09-03 19:50:37'),
(122, 37, 'Vernice Will', 'Enim dolor quae corrupti sapiente esse aut. Rem et nobis asperiores commodi dolore sequi. Eveniet repellendus non eligendi ut voluptas quas.', 1, '2019-09-03 19:50:37', '2019-09-03 19:50:37'),
(123, 13, 'Mathilde Fritsch', 'Voluptatem voluptatibus asperiores modi voluptatem ex eligendi labore. Sunt dolorum aut velit qui sit possimus animi quis. Tempore sit ex dolorum eius dolores. Ratione dolor pariatur provident eaque.', 5, '2019-09-03 19:50:37', '2019-09-03 19:50:37'),
(124, 17, 'Donna Balistreri', 'Qui deleniti ut et. Inventore quo et sed qui harum. Culpa quisquam neque eveniet voluptas dolorem veritatis quasi et.', 5, '2019-09-03 19:50:37', '2019-09-03 19:50:37'),
(125, 7, 'Gertrude Ward', 'Aut temporibus totam alias aliquam sed et dolor. Ducimus et velit eligendi fuga illum ut.', 0, '2019-09-03 19:50:37', '2019-09-03 19:50:37'),
(126, 11, 'Prof. Gene Legros', 'Id ipsa harum ea adipisci. Et quae architecto dolorum. Consequatur blanditiis et asperiores reiciendis officia placeat. Dignissimos sed dolorem et soluta.', 3, '2019-09-03 19:50:37', '2019-09-03 19:50:37'),
(127, 43, 'Jaida Kunze', 'Velit accusamus repudiandae aperiam ut repudiandae sint quam. Hic aspernatur mollitia omnis est perspiciatis. Id voluptatem saepe pariatur repellendus modi quidem. Consequatur ducimus molestiae fugit aut.', 1, '2019-09-03 19:50:37', '2019-09-03 19:50:37'),
(128, 10, 'Angeline Gerlach', 'Cum soluta aut accusantium quos et corporis voluptates. Facilis eveniet nihil alias ut. Praesentium voluptatem ut eum maxime. Maiores odio aperiam ducimus modi.', 4, '2019-09-03 19:50:37', '2019-09-03 19:50:37'),
(129, 13, 'Ramiro Trantow', 'Sed occaecati nam est qui ut. Amet ipsa porro nihil. Dolor et ducimus aliquam necessitatibus. Velit praesentium enim excepturi aut aut.', 0, '2019-09-03 19:50:37', '2019-09-03 19:50:37'),
(130, 32, 'Virgil Marvin', 'Unde soluta sit quo. Quidem autem voluptatem temporibus dolore aut doloremque. Blanditiis ut voluptatem architecto repellendus quaerat quod.', 2, '2019-09-03 19:50:37', '2019-09-03 19:50:37'),
(131, 17, 'Theodora Mann', 'Sunt animi repudiandae sint culpa ut. In vel similique qui. Voluptatem tempora quasi assumenda laboriosam facere asperiores exercitationem.', 2, '2019-09-03 19:50:37', '2019-09-03 19:50:37'),
(132, 5, 'Willy Nikolaus', 'Eos veniam quod porro quae. Quaerat et eveniet porro aperiam consequuntur aut. Ut voluptatibus nihil ea commodi repellat dolor qui molestias.', 3, '2019-09-03 19:50:37', '2019-09-03 19:50:37'),
(133, 35, 'Parker Hill', 'Tempora temporibus autem voluptatem. Nihil accusantium veniam consequatur ut dolorum. Omnis cumque quae omnis. Quod dolor quis non doloremque tempore et.', 4, '2019-09-03 19:50:37', '2019-09-03 19:50:37'),
(134, 4, 'Dr. Ellsworth Schuster IV', 'Fuga eum consequatur soluta non doloribus velit non. Totam dolores unde quae reiciendis aut. Incidunt quis consectetur esse porro. Nesciunt delectus minus cupiditate exercitationem sapiente.', 2, '2019-09-03 19:50:37', '2019-09-03 19:50:37'),
(135, 39, 'Aisha Swift', 'Et quasi magnam consectetur dolore quasi dolores laudantium eius. Quos earum nulla et eum magnam consectetur consectetur. Odit reprehenderit vel quia quibusdam est consequuntur ad vel. Et aut vel assumenda.', 4, '2019-09-03 19:50:37', '2019-09-03 19:50:37'),
(136, 6, 'Montana Pollich', 'Vel autem nobis corporis. Quidem porro aspernatur aspernatur qui sit alias esse. Occaecati libero pariatur iure incidunt et eius ea. Quo et dolore quas totam qui molestias quisquam voluptas.', 3, '2019-09-03 19:50:37', '2019-09-03 19:50:37'),
(137, 49, 'Kamren Corwin II', 'Commodi et nihil laudantium porro et mollitia. Culpa dolor ea unde dolor dolores et libero porro. Eligendi consequuntur qui aut dolor animi ipsum ducimus. Hic aut magnam recusandae voluptates blanditiis.', 2, '2019-09-03 19:50:37', '2019-09-03 19:50:37'),
(138, 39, 'Francis Skiles III', 'Voluptatem et dolorem maxime dolor adipisci. Ut odio quam ipsam temporibus laboriosam. Eligendi laborum sunt dolor blanditiis.', 2, '2019-09-03 19:50:37', '2019-09-03 19:50:37'),
(139, 38, 'Mrs. Aleen VonRueden', 'Assumenda dolorum molestiae quia et eos in ut molestiae. Sequi animi sed cum ut. Aliquam voluptatem minus fuga illo. Facilis ut quisquam voluptatum. Ea non dolorem quibusdam in ut.', 5, '2019-09-03 19:50:37', '2019-09-03 19:50:37'),
(140, 17, 'Deshawn Senger', 'Harum deleniti illo error nesciunt. Consequatur placeat itaque dolor. Accusamus aspernatur est numquam beatae quis. Et nisi minima sunt.', 5, '2019-09-03 19:50:37', '2019-09-03 19:50:37'),
(141, 38, 'Bianka Mraz', 'Dolores in enim consequatur nihil iste. Aliquid ipsam accusamus dicta dolorum dolorem. Ut voluptas quo eum odit commodi quia. Sequi incidunt omnis rerum voluptatibus itaque.', 0, '2019-09-03 19:50:37', '2019-09-03 19:50:37'),
(142, 11, 'Coty Parisian', 'Doloremque sed dolore quidem animi. Aliquid est officiis illum ab exercitationem rem maxime animi. Nobis dolorem consectetur possimus sit vel sunt ullam. Eius architecto natus rerum magni pariatur a.', 4, '2019-09-03 19:50:37', '2019-09-03 19:50:37'),
(143, 19, 'Mortimer Spinka II', 'Fugiat quas dolorem ea odit molestiae at sed culpa. Officiis placeat repellat placeat quisquam. Harum est ullam sunt pariatur porro exercitationem. Enim magni quaerat vero molestiae et commodi exercitationem aut.', 1, '2019-09-03 19:50:37', '2019-09-03 19:50:37'),
(144, 6, 'Alva Block', 'Voluptas hic nemo molestiae voluptatem. Dicta dolorem veniam veritatis iure et. Amet voluptas eius occaecati sed est vel.', 5, '2019-09-03 19:50:37', '2019-09-03 19:50:37'),
(145, 23, 'Orpha VonRueden', 'Pariatur id tempora est quis eos perspiciatis. Sequi in aperiam non saepe. Officia ut consequatur earum asperiores error facilis qui. Aspernatur nobis dignissimos modi perspiciatis consequuntur.', 3, '2019-09-03 19:50:37', '2019-09-03 19:50:37'),
(146, 7, 'Dusty Vandervort Sr.', 'Impedit molestiae rerum officia animi. Ea provident dolor facilis. Iure reprehenderit vero dignissimos harum.', 4, '2019-09-03 19:50:37', '2019-09-03 19:50:37'),
(147, 8, 'Melvin Morissette', 'Est nobis aspernatur quisquam tempore. Fugit tenetur et maiores sint corporis velit. Libero quia nisi repellat odit vero.', 4, '2019-09-03 19:50:38', '2019-09-03 19:50:38'),
(148, 1, 'Prof. Arvel Aufderhar II', 'Velit nisi labore error repellendus. Exercitationem cumque eius non vitae. Esse ipsum distinctio tempora qui. Facilis minus dolor repudiandae.', 0, '2019-09-03 19:50:38', '2019-09-03 19:50:38'),
(149, 40, 'Miss Sabrina Klein V', 'Soluta dolorum exercitationem unde repellendus nisi ex non tempora. Placeat nihil eos dolores dolores similique eveniet. Ut enim ea aut voluptatem rerum aut nihil.', 3, '2019-09-03 19:50:38', '2019-09-03 19:50:38'),
(150, 12, 'Naomi Price', 'Accusamus distinctio tenetur iure excepturi veniam. Iusto accusantium debitis consequatur qui mollitia voluptas. Esse voluptatem voluptas iste corporis. Pariatur ipsa deserunt et eos recusandae aut magnam nisi.', 3, '2019-09-03 19:50:38', '2019-09-03 19:50:38'),
(151, 22, 'Maria Streich V', 'Est rem animi fuga reiciendis voluptates. Dolorum non eaque non ab. Illo et perferendis in.', 0, '2019-09-03 19:50:38', '2019-09-03 19:50:38'),
(152, 16, 'Imelda Pfannerstill', 'Molestiae officiis excepturi aperiam reprehenderit. Aliquam hic laudantium ex distinctio soluta odit sint. Ut inventore dignissimos consequatur in soluta quae. Quia quas ipsam vero cupiditate voluptate consequuntur dolor.', 1, '2019-09-03 19:50:38', '2019-09-03 19:50:38'),
(153, 24, 'Dr. Lelia Kirlin IV', 'Sed nostrum autem cupiditate animi fuga esse. Fugit voluptatum omnis fugit iure quod. Aliquam enim illo voluptas a a voluptates. Quam itaque sapiente earum quis est dolorum.', 5, '2019-09-03 19:50:38', '2019-09-03 19:50:38'),
(154, 50, 'Mr. Wilfredo Abernathy DVM', 'Pariatur porro eligendi exercitationem hic quas voluptas quam. Laborum voluptatum voluptatem eum accusamus et. Et et molestias provident molestiae molestiae eius ut. Tenetur sit et doloremque in voluptate.', 0, '2019-09-03 19:50:38', '2019-09-03 19:50:38'),
(155, 7, 'Estell Kuhic', 'Voluptas aut aut quis. Dolores expedita dolore quod est ea. Ut dolor quasi impedit voluptatem. Facilis minus ducimus delectus nesciunt ex libero vitae voluptate.', 5, '2019-09-03 19:50:38', '2019-09-03 19:50:38'),
(156, 27, 'Mary Ward V', 'Quod consequatur non iste magni accusantium eum. Laudantium iste laboriosam possimus voluptatem.', 2, '2019-09-03 19:50:38', '2019-09-03 19:50:38'),
(157, 50, 'Macie Torp', 'Vel mollitia porro eum quisquam tempore quas minima. Sit et et ut ipsam occaecati facere praesentium. Et voluptates nemo nihil eveniet iure rerum consequatur. Reiciendis vitae dolores magni quae.', 0, '2019-09-03 19:50:38', '2019-09-03 19:50:38'),
(158, 36, 'Jermey Feest', 'Quaerat eum voluptas consectetur consequatur saepe modi. Dicta quas rerum fugit temporibus. Aut eos quisquam blanditiis beatae atque atque eum. Iusto autem esse nobis delectus optio sequi.', 4, '2019-09-03 19:50:38', '2019-09-03 19:50:38'),
(159, 22, 'Dr. Unique Towne II', 'Et aut facere quos ipsam dolore est unde. Et molestiae laborum et aut quidem laudantium repellat. Nisi porro sequi voluptatum illo cum dolore.', 5, '2019-09-03 19:50:38', '2019-09-03 19:50:38'),
(160, 15, 'Dr. Isom Yundt', 'Id quia autem ipsum magnam. Qui et deleniti commodi asperiores consectetur. Sunt aperiam eveniet qui ut et.', 5, '2019-09-03 19:50:38', '2019-09-03 19:50:38'),
(161, 13, 'Chauncey Hand', 'Ea consequatur voluptas vel laborum possimus. Doloremque ea voluptatem qui natus inventore.', 1, '2019-09-03 19:50:38', '2019-09-03 19:50:38'),
(162, 29, 'Hershel Bartoletti', 'Ipsam et corrupti facilis. Corrupti blanditiis sed debitis. Ipsum nisi id iste non sint placeat et. Consectetur voluptatum porro dicta et omnis eum.', 3, '2019-09-03 19:50:38', '2019-09-03 19:50:38'),
(163, 50, 'Anais Hudson IV', 'Eos quia dicta vel illum. Perferendis nulla inventore quis nam alias sequi. Eaque earum eos incidunt est enim. Dolorem et quo nulla molestiae eligendi.', 0, '2019-09-03 19:50:38', '2019-09-03 19:50:38'),
(164, 34, 'Warren Ward MD', 'Optio ipsam aperiam blanditiis ipsam. Quos vel animi quas facilis reiciendis ipsum quis. Itaque voluptates omnis ipsam voluptatum maiores optio fuga.', 3, '2019-09-03 19:50:38', '2019-09-03 19:50:38'),
(165, 41, 'Mrs. Kimberly Kutch', 'Molestiae quia occaecati dolorem accusamus qui. Natus id exercitationem accusamus beatae doloribus. Iste ducimus voluptate saepe rerum.', 3, '2019-09-03 19:50:38', '2019-09-03 19:50:38'),
(166, 29, 'Mr. Arnulfo Prohaska', 'Culpa praesentium enim vel et nisi maiores. Animi nam ipsa sit qui sint voluptatem consequatur iusto. Et molestiae amet error deleniti delectus mollitia.', 4, '2019-09-03 19:50:38', '2019-09-03 19:50:38'),
(167, 50, 'Dr. Brisa Sauer MD', 'Cum quibusdam atque blanditiis non. At ut numquam adipisci placeat. Repudiandae sequi suscipit aspernatur molestiae dolorem quos et.', 2, '2019-09-03 19:50:38', '2019-09-03 19:50:38'),
(168, 31, 'Kyle Reilly', 'Veniam ex nisi possimus eius quo tempore dolorum qui. Consequatur qui minima provident repellendus molestias aliquam. Porro iure consequatur ipsam blanditiis.', 5, '2019-09-03 19:50:38', '2019-09-03 19:50:38'),
(169, 16, 'Myles Stehr', 'Voluptatibus ut animi quas ipsam. Tempore enim eum odit quasi porro eaque. Sunt voluptatibus harum perspiciatis rem. Reprehenderit ipsa quo veniam placeat. Excepturi dolorum perspiciatis eaque exercitationem omnis odio occaecati.', 2, '2019-09-03 19:50:38', '2019-09-03 19:50:38'),
(170, 17, 'Kennith Hodkiewicz', 'Assumenda consequatur nulla reiciendis iure velit voluptate. Dolorem autem et sunt sequi at. Voluptatem est ab quia dignissimos delectus qui. Rem qui ullam et ducimus ut quia.', 3, '2019-09-03 19:50:38', '2019-09-03 19:50:38'),
(171, 31, 'Zane Rolfson', 'Ipsam quo sit provident et deleniti. Rem nihil aliquid veniam ducimus aut. Dolor quo ipsa rem voluptas sit libero. Hic ipsa nulla quaerat sint iure sit temporibus. Veritatis quia cumque qui impedit molestias est.', 5, '2019-09-03 19:50:38', '2019-09-03 19:50:38'),
(172, 29, 'Jaylon Grimes', 'Odit officiis voluptatem a alias quia. Nihil molestias deleniti et repudiandae et possimus recusandae. A est ipsam unde quia quod odit alias facilis.', 3, '2019-09-03 19:50:38', '2019-09-03 19:50:38'),
(173, 41, 'Liliane Schroeder', 'Culpa maiores tenetur vel. Aut possimus dolores non non iste voluptas ducimus consequatur.', 5, '2019-09-03 19:50:38', '2019-09-03 19:50:38'),
(174, 31, 'Marcus Bahringer DDS', 'Assumenda quam aut facere ab saepe voluptatem rem. Rem consequatur natus ad et sed culpa doloremque. Dolorem ut distinctio aut alias ut facilis.', 4, '2019-09-03 19:50:38', '2019-09-03 19:50:38'),
(175, 32, 'Ms. Flavie Boyle I', 'Sunt excepturi dolorem aut nam est. Earum autem et perspiciatis doloremque ducimus aperiam sint. A non in odio consequatur aut quo.', 4, '2019-09-03 19:50:38', '2019-09-03 19:50:38'),
(176, 11, 'Lilian Mraz', 'Cupiditate qui temporibus est autem unde. Et sapiente voluptatibus quasi et mollitia. Ab quaerat aut ipsa est. Praesentium facilis cum aliquam dolor officiis alias.', 4, '2019-09-03 19:50:38', '2019-09-03 19:50:38'),
(177, 35, 'Carmella Lakin', 'Consequatur ab neque saepe libero qui. Deserunt voluptates a assumenda perspiciatis.', 0, '2019-09-03 19:50:38', '2019-09-03 19:50:38'),
(178, 41, 'Virgie Lakin', 'Provident fuga sed et aut alias illum hic. Sed eos doloribus eum nihil beatae distinctio. Ab quo voluptatem laboriosam et dolores eveniet.', 2, '2019-09-03 19:50:38', '2019-09-03 19:50:38'),
(179, 49, 'Erica Ullrich', 'Optio omnis delectus et omnis dolorem. Consequatur molestias qui praesentium facilis voluptas eveniet deleniti. Ut ut sint saepe dolores soluta quia. Quia ab nihil maxime.', 3, '2019-09-03 19:50:39', '2019-09-03 19:50:39'),
(180, 44, 'Mellie Lesch', 'Dolor officia consequatur porro similique non inventore. Ullam autem distinctio quod fugiat corporis vel assumenda. Rerum sunt explicabo accusantium veniam nemo dolorum. Alias tenetur cum distinctio. Adipisci consectetur libero qui aut et.', 4, '2019-09-03 19:50:39', '2019-09-03 19:50:39'),
(181, 25, 'Mr. Mack Kunde', 'Perspiciatis et aut sit sit deserunt. Quos occaecati provident harum itaque perferendis. Qui est harum adipisci cum voluptatem est. Rem exercitationem perferendis illo et laborum.', 4, '2019-09-03 19:50:39', '2019-09-03 19:50:39'),
(182, 34, 'Mrs. Asha Gerhold', 'Commodi explicabo ipsam repudiandae omnis earum. Ut ea vitae nisi et aut ad. Non quo esse ut autem.', 4, '2019-09-03 19:50:39', '2019-09-03 19:50:39'),
(183, 40, 'Prof. Triston Von', 'Ipsum voluptates rem est reiciendis. Vel voluptates blanditiis at veniam autem dolor deleniti. Qui in enim amet. Libero aliquid quae eum consectetur reiciendis dolorem.', 1, '2019-09-03 19:50:39', '2019-09-03 19:50:39'),
(184, 49, 'Kelley Kessler', 'Atque pariatur dolor et impedit dolor. Et ut eius quo dolorem accusantium harum animi optio. Quis placeat inventore saepe eaque.', 0, '2019-09-03 19:50:39', '2019-09-03 19:50:39'),
(185, 32, 'Taurean Cummings', 'Repudiandae ut non animi hic. Consequatur impedit et sint porro ipsam molestiae. Minima et dolor sunt ipsam et architecto aut repellendus.', 2, '2019-09-03 19:50:39', '2019-09-03 19:50:39'),
(186, 3, 'Beryl Botsford', 'Debitis soluta dolores occaecati natus. Ex ut doloribus beatae non et ut. Voluptatem nobis et quod mollitia amet harum mollitia.', 4, '2019-09-03 19:50:39', '2019-09-03 19:50:39'),
(187, 41, 'Marisa Shanahan', 'Sunt rerum iusto voluptatibus. Quia est sit sint. Quia corporis beatae repellendus eum dolorum est nostrum. Ut temporibus quo voluptatem ut voluptate. Aut laboriosam saepe eligendi est et sit.', 4, '2019-09-03 19:50:39', '2019-09-03 19:50:39'),
(188, 11, 'Dock Toy', 'Rerum ut id sed in facere. Culpa qui ipsum saepe amet in.', 1, '2019-09-03 19:50:39', '2019-09-03 19:50:39'),
(189, 34, 'Catherine Greenholt', 'Vel reprehenderit laudantium rem at nulla sit inventore optio. Enim minus doloremque in et et eligendi qui. Omnis est corporis rerum quae et vel. Officiis molestiae dolores quia consequatur odio nisi deleniti.', 2, '2019-09-03 19:50:39', '2019-09-03 19:50:39'),
(190, 12, 'Miss Mae Russel III', 'Cupiditate consectetur optio aut at adipisci nulla earum provident. Exercitationem modi dolorem molestiae ad praesentium maiores consequatur. Et et qui ipsum deserunt qui fuga inventore. Quasi veniam ut facere et modi quis et.', 4, '2019-09-03 19:50:39', '2019-09-03 19:50:39'),
(191, 17, 'Dr. Cristina Wolff DVM', 'Distinctio quo et omnis nihil cupiditate neque. Et facilis est eaque autem minus quidem veritatis et.', 3, '2019-09-03 19:50:39', '2019-09-03 19:50:39'),
(192, 49, 'Alva Morissette', 'Autem sit at fugiat non dolores cumque est id. Quaerat maxime ea fugit et consequatur. Ipsam facilis qui et unde. At quasi incidunt magnam at quidem quia voluptatum est.', 5, '2019-09-03 19:50:39', '2019-09-03 19:50:39'),
(193, 17, 'Prof. Roger Kuvalis', 'Quas sed ut dolore recusandae saepe consectetur. Cupiditate autem tempore non molestiae quia harum est aut. Et at aspernatur ut possimus fugiat sunt saepe.', 1, '2019-09-03 19:50:39', '2019-09-03 19:50:39'),
(194, 5, 'Dr. Hyman Powlowski', 'Et totam eligendi et sit. Dolores cupiditate ab aliquid laudantium. Praesentium sapiente et ea est est.', 3, '2019-09-03 19:50:39', '2019-09-03 19:50:39'),
(195, 50, 'Octavia Wintheiser', 'In ut distinctio cum. Recusandae quod ipsam non reprehenderit impedit recusandae eveniet. Numquam nihil sint quia in consequatur est.', 2, '2019-09-03 19:50:39', '2019-09-03 19:50:39'),
(196, 37, 'Dakota Hyatt', 'Nisi et occaecati voluptatem sequi natus. Delectus repellendus est et velit et sunt qui. Consequatur et et minima velit eaque velit et et. Doloribus molestiae omnis illum voluptatum.', 5, '2019-09-03 19:50:39', '2019-09-03 19:50:39'),
(197, 4, 'Andy Harris II', 'Et harum molestiae iure enim corporis minima. Iste recusandae sapiente eaque illum at praesentium. Et ipsam possimus doloribus repellat quibusdam voluptatem. Sit amet aperiam mollitia perspiciatis eaque non.', 2, '2019-09-03 19:50:39', '2019-09-03 19:50:39'),
(198, 49, 'Prof. Humberto Farrell III', 'Unde quaerat cum earum assumenda pariatur cum asperiores itaque. A similique dolor aliquam nostrum fugiat autem. Sit dicta ex eum ipsam officia. Et in tempora sed dignissimos.', 2, '2019-09-03 19:50:39', '2019-09-03 19:50:39'),
(199, 6, 'Warren Dach', 'Animi aliquid voluptas et cumque illo. Commodi nulla dicta et sunt.', 0, '2019-09-03 19:50:39', '2019-09-03 19:50:39'),
(200, 7, 'Prof. Randall Volkman', 'Incidunt autem et ut commodi dignissimos ut modi et. Temporibus inventore nam molestiae corrupti rerum inventore molestias non. Minima maiores omnis aliquam.', 5, '2019-09-03 19:50:39', '2019-09-03 19:50:39'),
(201, 22, 'Prof. Martin Boehm', 'Laboriosam vel dolores sed ipsa et voluptatibus. Asperiores dolorum praesentium amet. Sunt ad mollitia excepturi atque omnis. Sequi animi est repudiandae similique quod incidunt ipsa.', 2, '2019-09-03 19:50:39', '2019-09-03 19:50:39'),
(202, 9, 'Arielle Bauch I', 'Dolor laborum commodi et animi repellendus error voluptate. Et nesciunt quasi alias nostrum aliquam nihil. Veniam iure iure non officia omnis adipisci ex. Voluptatem et nesciunt aut iusto.', 1, '2019-09-03 19:50:39', '2019-09-03 19:50:39'),
(203, 21, 'Prof. Davion Pfeffer', 'Non et sit veniam vel exercitationem aperiam. Modi ipsam repellendus nesciunt laborum explicabo qui. Perferendis nobis accusantium asperiores fugiat libero minima sapiente.', 2, '2019-09-03 19:50:39', '2019-09-03 19:50:39'),
(204, 7, 'Dr. Eddie Hyatt III', 'Ratione sunt magnam nisi. Ut inventore quia illum iste nihil placeat. Vero et neque ea beatae. Odit quia deserunt iusto corporis. Et officia sed similique voluptatum.', 5, '2019-09-03 19:50:39', '2019-09-03 19:50:39'),
(205, 49, 'Prof. Alden Schinner', 'Consectetur molestias eius sit ut. Aut voluptatibus atque aut fugit enim. Et iusto eaque dolores. Explicabo autem atque quo et quia aut.', 3, '2019-09-03 19:50:39', '2019-09-03 19:50:39'),
(206, 37, 'Juwan Larson', 'Voluptatibus sed ut magnam quisquam dolores. Est reiciendis voluptate assumenda a et eaque reiciendis. Sed id facere cupiditate aliquid commodi. Ullam esse ut veniam unde sequi tempora.', 1, '2019-09-03 19:50:39', '2019-09-03 19:50:39'),
(207, 46, 'Lisandro Collins III', 'Corporis dolorem aut consectetur id earum totam quia. Quidem reprehenderit nobis alias cumque natus. Adipisci unde qui rerum saepe quae. Non beatae voluptatibus et quae eos nemo.', 5, '2019-09-03 19:50:39', '2019-09-03 19:50:39'),
(208, 1, 'Douglas Luettgen Sr.', 'Debitis aut eos dolor quidem eum. Omnis molestias quia qui iusto aut. Illum omnis est quae molestiae et similique qui.', 1, '2019-09-03 19:50:39', '2019-09-03 19:50:39'),
(209, 27, 'Dr. Carlos Mertz I', 'Rerum qui ad id quia veritatis. Voluptatem aut rerum nostrum corporis. Saepe explicabo perspiciatis et omnis quod.', 2, '2019-09-03 19:50:40', '2019-09-03 19:50:40'),
(210, 2, 'Haley Thompson', 'Et voluptates molestias dolorum. Cum quibusdam ut incidunt sed recusandae ut dicta ducimus. Odio excepturi dolorem quaerat est recusandae sunt inventore eaque.', 4, '2019-09-03 19:50:40', '2019-09-03 19:50:40'),
(211, 32, 'Theodora Jones', 'Aut dolorum labore qui pariatur ut. Molestiae exercitationem fugit maiores. Et quidem non dicta iste explicabo. Id a quibusdam eaque aut.', 1, '2019-09-03 19:50:40', '2019-09-03 19:50:40');
INSERT INTO `reviews` (`id`, `product_id`, `customer`, `review`, `star`, `created_at`, `updated_at`) VALUES
(212, 49, 'Mr. Rusty Veum', 'Deserunt ut nam dolor quo et doloremque nostrum. Consequuntur ab laudantium optio dolores velit at. Vero quidem fugit saepe ipsa.', 4, '2019-09-03 19:50:40', '2019-09-03 19:50:40'),
(213, 42, 'Dr. Kassandra Goldner Sr.', 'Ab fugit rerum placeat quia debitis vitae nihil qui. Repudiandae quia est eveniet molestiae. Accusamus harum id itaque aliquam ut. Ullam iusto beatae sed omnis culpa.', 1, '2019-09-03 19:50:40', '2019-09-03 19:50:40'),
(214, 20, 'Miss Alessandra Carroll', 'Qui sed rem aut. Delectus iusto doloremque dolorem magni rem. Aperiam enim eos autem tenetur earum.', 4, '2019-09-03 19:50:40', '2019-09-03 19:50:40'),
(215, 22, 'Dr. Milford Wolff', 'Cum libero sit alias omnis quidem qui et. Nulla enim cumque qui autem vero possimus. Deleniti amet natus veniam sunt. Error modi ut animi accusamus quis minima nulla ducimus.', 0, '2019-09-03 19:50:40', '2019-09-03 19:50:40'),
(216, 19, 'Fred Hermann', 'Maxime fuga similique earum delectus nihil omnis molestiae. Repudiandae repellat sit ullam voluptas aut. In saepe provident omnis error adipisci consectetur. Minima expedita odio ex dolorem corrupti.', 4, '2019-09-03 19:50:40', '2019-09-03 19:50:40'),
(217, 45, 'Ms. Maud Daugherty', 'Culpa est non doloremque aut non et. Harum autem doloribus enim hic. Aperiam porro consectetur eum accusamus. Reiciendis sed impedit sint itaque. Ullam illo magnam magni harum provident.', 1, '2019-09-03 19:50:40', '2019-09-03 19:50:40'),
(218, 43, 'Demetris Schulist', 'Illum voluptates non vel assumenda recusandae dolor vel. Odit quos et similique officia. Dolores commodi beatae consequuntur quaerat aut voluptatem quia.', 2, '2019-09-03 19:50:40', '2019-09-03 19:50:40'),
(219, 17, 'Everardo Towne', 'Et temporibus aut similique dolore odit distinctio aliquam. Explicabo optio voluptatem et dolorem voluptas itaque eius. Facilis ut aut consequatur non.', 1, '2019-09-03 19:50:40', '2019-09-03 19:50:40'),
(220, 25, 'Greta Sipes', 'Mollitia dolorem cumque eveniet autem voluptas sed. Veniam vero at minima quis. Velit debitis eveniet temporibus dignissimos autem qui consequuntur. Consequatur fugit voluptas hic praesentium quia.', 3, '2019-09-03 19:50:40', '2019-09-03 19:50:40'),
(221, 49, 'Christophe Blick MD', 'Corporis consequatur architecto sint dignissimos dolore sit. Aliquam dolor impedit vitae hic. Delectus id perferendis cumque ut nemo. Dolor aut aliquid ipsam tenetur doloribus illum quidem debitis.', 0, '2019-09-03 19:50:40', '2019-09-03 19:50:40'),
(222, 35, 'Olin Braun', 'Quam nam quae nihil officia ipsum maiores. Sed maiores at et corrupti alias assumenda. Aut nostrum aliquam ducimus repudiandae cumque in.', 5, '2019-09-03 19:50:40', '2019-09-03 19:50:40'),
(223, 25, 'Leora Klocko', 'Deserunt quia sapiente veritatis ex. Quis doloremque quibusdam id commodi quo sint dolores rerum. Exercitationem id sint nulla. Quas aspernatur debitis excepturi porro porro.', 0, '2019-09-03 19:50:40', '2019-09-03 19:50:40'),
(224, 10, 'Kiara Ondricka', 'Praesentium quasi molestiae voluptatem quia et quae. Ipsam voluptatem et non velit quasi. Excepturi eaque reiciendis fugit vitae sunt non eius. Qui quia dignissimos facilis quibusdam soluta consequuntur.', 5, '2019-09-03 19:50:40', '2019-09-03 19:50:40'),
(225, 15, 'Roosevelt Luettgen', 'Consequatur voluptatum quas nemo aut consequuntur id aut. Illo ipsa aut voluptates doloremque explicabo earum non repudiandae. Consequatur fugiat sit at ab.', 0, '2019-09-03 19:50:40', '2019-09-03 19:50:40'),
(226, 13, 'Dr. Kaia Russel I', 'Omnis aut sed corporis alias. Nisi quos at reiciendis aliquid in voluptatem. Amet explicabo doloribus harum.', 4, '2019-09-03 19:50:40', '2019-09-03 19:50:40'),
(227, 31, 'Jeramie Doyle', 'Ab omnis sunt quas cumque similique dolorem quo. Nostrum corrupti commodi corrupti et tempora rem iusto rerum. Autem aperiam consectetur illo quae cumque. Occaecati aut ipsum nesciunt alias consectetur. Sint reiciendis consectetur eum.', 2, '2019-09-03 19:50:40', '2019-09-03 19:50:40'),
(228, 11, 'Geovanny Sauer', 'Veritatis dolore autem cumque aut. Rerum ut saepe non voluptatum laboriosam earum. Totam sapiente error dicta earum voluptates delectus magnam. Tenetur nobis omnis animi soluta est similique tempora iusto.', 4, '2019-09-03 19:50:40', '2019-09-03 19:50:40'),
(229, 27, 'Gustave Terry', 'Et delectus dolor labore iure. Voluptatibus unde saepe mollitia in. Quia ut eum doloribus distinctio ea voluptatem.', 0, '2019-09-03 19:50:40', '2019-09-03 19:50:40'),
(230, 19, 'Bo Runolfsson', 'Ducimus necessitatibus corrupti ab molestias sed qui. Deserunt accusamus molestiae nulla culpa quisquam. Sed unde vel praesentium et. Sint doloribus et iste cumque repellat in ut vitae.', 3, '2019-09-03 19:50:40', '2019-09-03 19:50:40'),
(231, 10, 'Dr. Katlynn Morissette MD', 'Voluptate cumque autem qui modi harum iusto debitis corporis. Beatae harum nihil repudiandae recusandae dolor.', 0, '2019-09-03 19:50:40', '2019-09-03 19:50:40'),
(232, 12, 'Dr. Carol Kshlerin', 'Aut sit reprehenderit laudantium. Officiis similique expedita ut et consequatur voluptates. Enim et et similique voluptas. Ipsam et ab doloribus alias vitae consectetur.', 3, '2019-09-03 19:50:40', '2019-09-03 19:50:40'),
(233, 32, 'Mrs. Loren Hills IV', 'Veritatis in modi aut et aut odio. Porro excepturi eveniet qui itaque. Rerum temporibus quo amet culpa voluptatem enim. Non magnam temporibus perspiciatis cum illo.', 4, '2019-09-03 19:50:40', '2019-09-03 19:50:40'),
(234, 8, 'Willy Kerluke', 'Asperiores voluptatem laborum alias odio dolores. Voluptatibus sit voluptas beatae et. Eos necessitatibus dolorum nobis. Aut velit neque dolor.', 0, '2019-09-03 19:50:40', '2019-09-03 19:50:40'),
(235, 38, 'Maximo Balistreri', 'Ipsam labore neque placeat sint laborum vero voluptate. Asperiores rerum natus quo. Delectus molestias deserunt eos voluptatem ab vel.', 3, '2019-09-03 19:50:40', '2019-09-03 19:50:40'),
(236, 27, 'Mrs. Elena Frami III', 'Nam vitae quia ut occaecati. Consequatur sed cumque dolores doloribus id quia et. Velit ipsum in sed illo.', 0, '2019-09-03 19:50:41', '2019-09-03 19:50:41'),
(237, 26, 'Dayne Runolfsson', 'Quidem quod molestias atque nostrum. Reprehenderit incidunt quod maxime odit. Qui laboriosam dolorum ad.', 5, '2019-09-03 19:50:41', '2019-09-03 19:50:41'),
(238, 15, 'Caroline Kling', 'Beatae ut nobis rerum assumenda odit id soluta. Officiis vel dolore sint eligendi. Nobis quae maiores qui doloribus.', 0, '2019-09-03 19:50:41', '2019-09-03 19:50:41'),
(239, 20, 'Gabriella White', 'Illum reprehenderit cupiditate qui ut hic. Necessitatibus distinctio quidem enim nemo nihil debitis sunt. Quis dignissimos aspernatur quasi sed provident quia. Sed itaque alias in est autem possimus natus in.', 5, '2019-09-03 19:50:41', '2019-09-03 19:50:41'),
(240, 49, 'Ezra Lebsack', 'Blanditiis odio qui recusandae blanditiis molestiae et voluptate similique. Ratione qui ab dolores et voluptates in in. Est beatae rem inventore est adipisci et. Molestiae earum veritatis quibusdam sit sed aut quas. Illum reiciendis dolorem et voluptates facilis quo.', 2, '2019-09-03 19:50:41', '2019-09-03 19:50:41'),
(241, 33, 'Caesar Franecki', 'Quae accusamus nostrum ut omnis laboriosam ab quo. Aliquam quis dolor dolore ratione facilis. Quis voluptatibus est architecto quos dolorem neque eligendi eligendi. Id eum odit soluta molestiae iure qui numquam.', 0, '2019-09-03 19:50:41', '2019-09-03 19:50:41'),
(242, 42, 'Ms. Carmella Lubowitz', 'Fugiat natus tenetur et id nemo. Consequatur asperiores animi sed recusandae est quae culpa. Qui labore molestiae aut in.', 2, '2019-09-03 19:50:41', '2019-09-03 19:50:41'),
(243, 42, 'Curtis Murazik', 'Asperiores nobis modi debitis. Fugit facilis sint quis soluta nihil autem qui. Nostrum culpa asperiores neque sapiente esse voluptas soluta.', 3, '2019-09-03 19:50:41', '2019-09-03 19:50:41'),
(244, 17, 'Emmet Hand PhD', 'Consequatur accusantium dolores impedit aliquam enim optio. Dolorem sed dignissimos in voluptas. Aperiam error dignissimos autem et. Aut quo rem molestiae reprehenderit eum perferendis aut.', 0, '2019-09-03 19:50:41', '2019-09-03 19:50:41'),
(245, 4, 'Micah Prohaska II', 'Et illum excepturi praesentium saepe soluta omnis. Sit velit dolor eum nesciunt maiores. Ea molestiae numquam sit soluta. Distinctio nulla qui fugiat ipsa ducimus eaque.', 3, '2019-09-03 19:50:41', '2019-09-03 19:50:41'),
(246, 15, 'Dr. Teagan Bogan DDS', 'Odit facere eaque eum velit laboriosam. Fuga quia explicabo incidunt aliquid. Quod iste sequi facere aut. Molestias quia alias qui quia ipsa ea corrupti unde.', 1, '2019-09-03 19:50:41', '2019-09-03 19:50:41'),
(247, 47, 'Erik Dach', 'Sit sapiente aliquam cupiditate omnis aut voluptatem voluptas. Recusandae quidem ducimus et minima ut omnis vitae. Aperiam id fugit dolores repellendus et ut.', 2, '2019-09-03 19:50:41', '2019-09-03 19:50:41'),
(248, 3, 'Zander Mayert', 'Doloremque vel dolorum fugit sed necessitatibus et aut. Soluta ut quia animi aut officiis.', 2, '2019-09-03 19:50:41', '2019-09-03 19:50:41'),
(249, 25, 'Warren Kuphal', 'Dolorum eius quia autem sed nam. Ad ad in veritatis perferendis quis labore vitae. Eum libero voluptas dolore ipsa. Totam adipisci dolores et sunt aut distinctio excepturi.', 2, '2019-09-03 19:50:41', '2019-09-03 19:50:41'),
(250, 43, 'Ladarius Lynch', 'Nisi qui eos aliquid sit ad ea fugit. Vel ipsam sed sunt iusto labore sed dolorem. Sapiente reiciendis in laboriosam et omnis sint animi. Et harum et perferendis ut.', 2, '2019-09-03 19:50:41', '2019-09-03 19:50:41'),
(251, 37, 'Ellsworth VonRueden', 'Autem delectus expedita qui ipsum vel facilis nulla. Officiis quia consequatur quaerat. Doloribus atque aut ab vel ipsam sapiente sunt.', 1, '2019-09-03 19:50:41', '2019-09-03 19:50:41'),
(252, 49, 'Nat Schulist', 'Qui laudantium soluta omnis dicta quidem. Iure sapiente sunt dolores ea quis cupiditate ut. Animi placeat veniam delectus sed quas.', 3, '2019-09-03 19:50:41', '2019-09-03 19:50:41'),
(253, 38, 'Tiara Weber', 'Ut provident rerum labore consequatur beatae sed est. Molestiae exercitationem repellendus sed odit totam voluptates consequatur. Quia et soluta autem voluptates est deleniti quibusdam.', 1, '2019-09-03 19:50:41', '2019-09-03 19:50:41'),
(254, 16, 'Gabriella Gleason Sr.', 'Id provident officia et numquam qui. Voluptatem velit asperiores culpa numquam. Earum odio officia eos iusto.', 3, '2019-09-03 19:50:41', '2019-09-03 19:50:41'),
(255, 25, 'Arvel Herzog', 'Qui autem in ab ipsam ipsa quia. Id atque officiis rerum est distinctio aperiam deleniti. Maxime delectus sequi aspernatur dolorem aspernatur. Ea sunt enim quod eaque.', 4, '2019-09-03 19:50:41', '2019-09-03 19:50:41'),
(256, 45, 'Tomas Bode', 'Facilis minima quia alias et veniam. Vitae fugit suscipit est molestiae assumenda voluptatibus in. Saepe animi reprehenderit nesciunt magni.', 4, '2019-09-03 19:50:41', '2019-09-03 19:50:41'),
(257, 30, 'Keeley Breitenberg', 'Rerum quia non modi pariatur in doloremque. Vero debitis vero sit impedit impedit et rerum. Et quos animi asperiores odit voluptatem dolorum. At voluptas omnis accusamus nesciunt impedit.', 0, '2019-09-03 19:50:41', '2019-09-03 19:50:41'),
(258, 22, 'Cullen Satterfield', 'Cum voluptate ipsa vel similique impedit temporibus saepe. Suscipit quia sit doloribus sapiente. Dolorum quis nobis molestiae et. Eligendi rem dolorum modi quisquam similique omnis.', 3, '2019-09-03 19:50:41', '2019-09-03 19:50:41'),
(259, 43, 'Lavina Kiehn', 'Aliquam et quis aut molestias sint. Numquam et dolorum sit error. Nostrum error ipsa aut repudiandae rerum praesentium doloremque.', 3, '2019-09-03 19:50:41', '2019-09-03 19:50:41'),
(260, 32, 'Alford Wuckert III', 'Consequuntur quaerat maxime quisquam et est omnis sit. Eius voluptatibus saepe modi. Ut consequatur asperiores quia vero magnam assumenda similique. Eos a possimus molestiae magni aperiam.', 4, '2019-09-03 19:50:41', '2019-09-03 19:50:41'),
(261, 4, 'Diego Terry', 'Et alias adipisci dolor quam et maiores aperiam. Quia corporis excepturi dolores et. Culpa libero adipisci dignissimos sint. Quia optio velit ipsam veritatis expedita adipisci.', 3, '2019-09-03 19:50:41', '2019-09-03 19:50:41'),
(262, 46, 'Jalon Bailey', 'Voluptas laboriosam veritatis qui qui rerum molestiae et. Doloribus est autem fugit praesentium voluptas temporibus cum. Cum alias et ea suscipit aspernatur quas consectetur. Quos iure odio sed aliquid et dolor sed qui.', 1, '2019-09-03 19:50:41', '2019-09-03 19:50:41'),
(263, 42, 'Bobby Bernhard', 'Repellat eos minus velit delectus. Unde id sint voluptatem officiis minima sed suscipit. Et nobis et ut. Nisi ea consequuntur quae voluptatum est.', 1, '2019-09-03 19:50:41', '2019-09-03 19:50:41'),
(264, 11, 'Meta Mayert DVM', 'Maiores qui deleniti error eligendi repellendus ut. Dolores facilis dolores consequuntur praesentium doloribus. Et delectus sint tempora aut ducimus debitis voluptas.', 0, '2019-09-03 19:50:41', '2019-09-03 19:50:41'),
(265, 27, 'Ansel Jacobson', 'Voluptatem saepe blanditiis voluptatem non repudiandae a velit. Repellat possimus provident natus culpa odit doloribus natus consequatur. Asperiores magni et eius voluptatem eligendi enim.', 5, '2019-09-03 19:50:41', '2019-09-03 19:50:41'),
(266, 49, 'Jaida Corwin', 'Totam autem dignissimos ut autem facilis et mollitia cumque. Dolor quia praesentium perferendis placeat. Et dolor accusantium commodi qui corrupti dolorem nobis sed. Iste laudantium unde nostrum ullam. Quod aliquam numquam eveniet facere vero.', 2, '2019-09-03 19:50:42', '2019-09-03 19:50:42'),
(267, 41, 'Ms. Reta Veum', 'Commodi iure consectetur deserunt quidem magni veritatis. Reiciendis ea velit perspiciatis voluptas impedit necessitatibus eveniet. Dolor qui quo voluptatem.', 0, '2019-09-03 19:50:42', '2019-09-03 19:50:42'),
(268, 21, 'Dr. Kyla Block Sr.', 'Molestias reiciendis molestiae ducimus qui soluta minima. Repellendus possimus dicta qui ea.', 0, '2019-09-03 19:50:42', '2019-09-03 19:50:42'),
(269, 1, 'Tate Erdman', 'Unde ad et expedita sunt. Consequatur et tempora assumenda voluptatem adipisci. Neque accusantium et laudantium et. Recusandae possimus voluptates id ducimus quisquam consequatur.', 0, '2019-09-03 19:50:42', '2019-09-03 19:50:42'),
(270, 3, 'Wilfrid Sawayn', 'Rerum sit perspiciatis reprehenderit iusto. Quo quia omnis ut aut error consequatur aut velit. Quae animi non amet non excepturi sunt mollitia fugit.', 3, '2019-09-03 19:50:42', '2019-09-03 19:50:42'),
(271, 14, 'Austyn Collins V', 'Rerum neque temporibus id quas perspiciatis qui nisi. Maxime temporibus aspernatur nesciunt possimus voluptatem. Qui molestias voluptatum quo.', 5, '2019-09-03 19:50:42', '2019-09-03 19:50:42'),
(272, 49, 'Libbie Gislason', 'Modi molestias iste nihil corrupti saepe id. Voluptatum nihil consequuntur accusantium in. Praesentium ex ad dolores excepturi reiciendis nihil.', 5, '2019-09-03 19:50:42', '2019-09-03 19:50:42'),
(273, 20, 'Emory Olson', 'Id ducimus optio impedit molestias. Iste a laborum odio qui praesentium ut. Quo eos deleniti unde incidunt recusandae provident et ut.', 2, '2019-09-03 19:50:42', '2019-09-03 19:50:42'),
(274, 9, 'Juliana Bernhard MD', 'Voluptatibus autem ea ratione dolor. Ea odio quaerat voluptatibus eum provident. Quas sunt perspiciatis distinctio est doloribus aperiam consequatur.', 3, '2019-09-03 19:50:42', '2019-09-03 19:50:42'),
(275, 49, 'Aron Doyle', 'Modi non ut quia aliquid dignissimos iure corrupti. Cum molestiae facere quo et omnis dolor rerum corporis. Enim in nam quia optio.', 3, '2019-09-03 19:50:42', '2019-09-03 19:50:42'),
(276, 23, 'Lindsay Waters', 'Ut veniam velit ut deserunt hic et provident enim. Saepe quis minus repellat in. Officiis dicta rerum numquam sed sequi magni.', 1, '2019-09-03 19:50:42', '2019-09-03 19:50:42'),
(277, 44, 'Mr. Devan Jakubowski Sr.', 'Optio provident maiores est aliquam nihil esse. Adipisci reprehenderit est dolores. Voluptates dolore itaque facilis dolorem. Non consequatur quidem cum non veniam.', 3, '2019-09-03 19:50:42', '2019-09-03 19:50:42'),
(278, 42, 'Dr. Alphonso Eichmann DDS', 'Nihil ratione fugit dolore deleniti harum aut vel. Dolorem nihil labore sunt et debitis. Porro enim harum necessitatibus nam optio porro suscipit fugit. Facere voluptatem quo accusamus dignissimos quod sed.', 5, '2019-09-03 19:50:42', '2019-09-03 19:50:42'),
(279, 12, 'Dr. Elvie Stokes Jr.', 'Aliquam modi temporibus dicta inventore. Ullam et error veritatis vitae officiis est quis est. Repellendus tempora sed illo rem. Et voluptatum ut molestiae rerum voluptatem ad voluptas ullam.', 2, '2019-09-03 19:50:42', '2019-09-03 19:50:42'),
(280, 28, 'Demarcus Gerlach PhD', 'Numquam voluptas reiciendis dolorem quia sit soluta omnis at. Libero provident rerum aut nobis soluta. Quia ea molestiae est perferendis dicta voluptatem repellendus. Consequatur vel harum corporis perferendis ut eaque.', 0, '2019-09-03 19:50:42', '2019-09-03 19:50:42'),
(281, 15, 'Shirley Kutch', 'Iusto quisquam nostrum autem odio cum quam quidem. Voluptatem aut non suscipit debitis.', 0, '2019-09-03 19:50:42', '2019-09-03 19:50:42'),
(282, 18, 'Josefina Adams', 'Occaecati dicta rerum quae eius ut inventore molestias eos. Aspernatur natus veniam aut officiis cum fugit. Voluptate aut maxime tempora voluptatem ab.', 5, '2019-09-03 19:50:42', '2019-09-03 19:50:42'),
(283, 44, 'Lydia Emard', 'Blanditiis cum aperiam velit magnam doloribus aut. Sunt doloribus voluptate aut omnis reiciendis dolore voluptate. Autem sunt totam ut dolore cumque voluptas.', 3, '2019-09-03 19:50:42', '2019-09-03 19:50:42'),
(284, 10, 'Ms. Heidi Johnson MD', 'Aut molestiae autem temporibus est et adipisci sed. Laudantium molestiae quas et. Fugiat id vel libero quos expedita porro. Architecto quasi accusantium sunt vero ad.', 2, '2019-09-03 19:50:42', '2019-09-03 19:50:42'),
(285, 45, 'Dr. Thora McDermott IV', 'Qui sint ad iure doloremque facere nam. Saepe dolor laudantium impedit est doloremque provident occaecati. Laborum inventore aut occaecati facilis praesentium cumque et.', 0, '2019-09-03 19:50:42', '2019-09-03 19:50:42'),
(286, 13, 'Kiley Hessel MD', 'Modi non sit sed. Earum voluptatem ipsa culpa earum rerum ut. Ut perferendis illo ex aperiam eaque quidem atque odio.', 5, '2019-09-03 19:50:42', '2019-09-03 19:50:42'),
(287, 6, 'Ms. Jacynthe Collins DDS', 'Minima et autem doloribus vel voluptas cumque. Aspernatur mollitia sint sed debitis voluptatum.', 3, '2019-09-03 19:50:42', '2019-09-03 19:50:42'),
(288, 36, 'Lindsey Gleichner', 'Dolores eveniet quam aut repellat. Quas voluptates natus pariatur accusamus sunt placeat nihil eos. Qui error placeat magnam ut facere. Delectus est repudiandae aliquid qui dignissimos ad.', 2, '2019-09-03 19:50:42', '2019-09-03 19:50:42'),
(289, 7, 'Elmo Weimann Jr.', 'Autem quasi earum consequatur omnis. Illo cupiditate quas doloremque accusamus perspiciatis nisi. Numquam aut minus enim exercitationem quaerat vel veniam.', 4, '2019-09-03 19:50:42', '2019-09-03 19:50:42'),
(290, 23, 'Mr. Mariano King', 'Totam in reiciendis adipisci alias repudiandae quos adipisci. Iure sapiente cumque saepe et. Et tempora repellendus qui et.', 0, '2019-09-03 19:50:42', '2019-09-03 19:50:42'),
(291, 12, 'Dr. Nina Nader V', 'Occaecati iure esse nobis molestias et quasi est. Et dolor est suscipit aut aut dolorum hic. Sit velit nobis ipsam in.', 5, '2019-09-03 19:50:42', '2019-09-03 19:50:42'),
(292, 23, 'Nathen Satterfield', 'Accusantium veritatis cupiditate distinctio. Explicabo corporis doloribus dolore unde. A porro natus ipsa similique.', 1, '2019-09-03 19:50:42', '2019-09-03 19:50:42'),
(293, 41, 'Susan Collins', 'Autem ut culpa officia facilis quo corrupti. Ea ea consequuntur exercitationem accusantium. Nemo et tenetur fugiat ut ut. Dolore eum fuga soluta rerum sed.', 2, '2019-09-03 19:50:42', '2019-09-03 19:50:42'),
(294, 47, 'Christopher Klocko', 'Neque voluptatem ut accusantium nihil similique expedita. Non sed debitis ex aut qui at et.', 4, '2019-09-03 19:50:42', '2019-09-03 19:50:42'),
(295, 18, 'Priscilla Grady', 'Delectus ut sit sunt aspernatur rerum et. Reiciendis provident omnis et aut animi non quia. Aut quia natus delectus dolorem necessitatibus ab eaque ad.', 0, '2019-09-03 19:50:43', '2019-09-03 19:50:43'),
(296, 38, 'Jennie Fritsch', 'Quidem qui voluptatibus officiis ea. Cum iusto incidunt ut eos. Explicabo a officiis quo aut blanditiis. Odio aperiam dicta consectetur quia autem exercitationem suscipit.', 2, '2019-09-03 19:50:43', '2019-09-03 19:50:43'),
(297, 43, 'Vivien Schiller', 'Beatae provident ducimus est dignissimos. Omnis et totam dolores rerum dolor.', 5, '2019-09-03 19:50:43', '2019-09-03 19:50:43'),
(298, 23, 'Clementina Skiles', 'Repellat consequuntur laborum ut ut qui fuga voluptatem magni. Doloribus sunt unde a. Dicta qui voluptatem eum mollitia autem neque doloribus.', 1, '2019-09-03 19:50:43', '2019-09-03 19:50:43'),
(299, 34, 'Mr. Matteo Ortiz Sr.', 'Ipsam qui unde quo dignissimos earum eum alias. Numquam sed eligendi qui pariatur libero. Sed cumque aperiam ipsa maxime animi quia natus occaecati. Architecto repellendus nam architecto in consectetur eaque aut voluptas.', 0, '2019-09-03 19:50:43', '2019-09-03 19:50:43'),
(300, 41, 'Prof. Samara Hegmann PhD', 'Dolorem quis molestiae facilis ullam nam. Necessitatibus iure est possimus eveniet similique omnis. Quod ut tempore vero exercitationem soluta.', 5, '2019-09-03 19:50:43', '2019-09-03 19:50:43');

-- --------------------------------------------------------

--
-- Structure de la table `users`
--

CREATE TABLE `users` (
  `id` bigint(20) UNSIGNED NOT NULL,
  `name` varchar(191) COLLATE utf8mb4_unicode_ci NOT NULL,
  `email` varchar(191) COLLATE utf8mb4_unicode_ci NOT NULL,
  `email_verified_at` timestamp NULL DEFAULT NULL,
  `password` varchar(191) COLLATE utf8mb4_unicode_ci NOT NULL,
  `remember_token` varchar(100) COLLATE utf8mb4_unicode_ci DEFAULT NULL,
  `created_at` timestamp NULL DEFAULT NULL,
  `updated_at` timestamp NULL DEFAULT NULL
) ENGINE=InnoDB DEFAULT CHARSET=utf8mb4 COLLATE=utf8mb4_unicode_ci;

--
-- Index pour les tables déchargées
--

--
-- Index pour la table `failed_jobs`
--
ALTER TABLE `failed_jobs`
  ADD PRIMARY KEY (`id`);

--
-- Index pour la table `migrations`
--
ALTER TABLE `migrations`
  ADD PRIMARY KEY (`id`);

--
-- Index pour la table `password_resets`
--
ALTER TABLE `password_resets`
  ADD KEY `password_resets_email_index` (`email`);

--
-- Index pour la table `products`
--
ALTER TABLE `products`
  ADD PRIMARY KEY (`id`);

--
-- Index pour la table `reviews`
--
ALTER TABLE `reviews`
  ADD PRIMARY KEY (`id`),
  ADD KEY `reviews_product_id_index` (`product_id`);

--
-- Index pour la table `users`
--
ALTER TABLE `users`
  ADD PRIMARY KEY (`id`),
  ADD UNIQUE KEY `users_email_unique` (`email`);

--
-- AUTO_INCREMENT pour les tables déchargées
--

--
-- AUTO_INCREMENT pour la table `failed_jobs`
--
ALTER TABLE `failed_jobs`
  MODIFY `id` bigint(20) UNSIGNED NOT NULL AUTO_INCREMENT;

--
-- AUTO_INCREMENT pour la table `migrations`
--
ALTER TABLE `migrations`
  MODIFY `id` int(10) UNSIGNED NOT NULL AUTO_INCREMENT, AUTO_INCREMENT=6;

--
-- AUTO_INCREMENT pour la table `products`
--
ALTER TABLE `products`
  MODIFY `id` int(10) UNSIGNED NOT NULL AUTO_INCREMENT, AUTO_INCREMENT=51;

--
-- AUTO_INCREMENT pour la table `reviews`
--
ALTER TABLE `reviews`
  MODIFY `id` int(10) UNSIGNED NOT NULL AUTO_INCREMENT, AUTO_INCREMENT=301;

--
-- AUTO_INCREMENT pour la table `users`
--
ALTER TABLE `users`
  MODIFY `id` bigint(20) UNSIGNED NOT NULL AUTO_INCREMENT;

--
-- Contraintes pour les tables déchargées
--

--
-- Contraintes pour la table `reviews`
--
ALTER TABLE `reviews`
  ADD CONSTRAINT `reviews_product_id_foreign` FOREIGN KEY (`product_id`) REFERENCES `products` (`id`) ON DELETE CASCADE;
COMMIT;

/*!40101 SET CHARACTER_SET_CLIENT=@OLD_CHARACTER_SET_CLIENT */;
/*!40101 SET CHARACTER_SET_RESULTS=@OLD_CHARACTER_SET_RESULTS */;
/*!40101 SET COLLATION_CONNECTION=@OLD_COLLATION_CONNECTION */;
